"level","family","genus","rn","rn.bl","bn","bn.bl","gen.n","sp.n","taxa"
"F","Aniliidae","","N3082",78.667745,"N3082",78.667745,1,1,"Anilius_scytale"
"F","Hydrophiidae","","N1937",0.2879795499,"N1937",0.2879795499,1,1,"Kolpophis_annandalei"
"F","Lanthanotidae","","N5290",64.28279,"N5290",64.28279,1,1,"Lanthanotus_borneensis"
"F","Loxocemidae","","N2918",39.265436,"N2918",39.265436,1,1,"Loxocemus_bicolor"
"F","Rhineuridae","","N5832",134.433481,"N5832",134.433481,1,1,"Rhineura_floridana"
"F","Shinisauridae","","N5367",116.26592,"N5367",116.26592,1,1,"Shinisaurus_crocodilurus"
"F","Sphenodontidae","","N1",246.785142,"N1",246.785142,1,1,"Sphenodon_punctatus"
"F","Xenotyphlopidae","","N3135",50.53663,"N3135",50.53663,1,1,"Xenotyphlops_grandidieri"
"F","Acrochordidae","","N12",76.820509,"N2910",33.144993,1,3,""
"F","Agamidae","","N4642",117.375096,"N4643",105.016874321,56,448,""
"F","Alopoglossidae","","N6244",21.285789,"N6245",17.0851595993,2,22,""
"F","Amphisbaenidae","","N5836",53.755752,"N5837",53.28872205,11,171,""
"F","Anguidae","","N5369",94.811183,"N5370",55.7675047356,11,79,""
"F","Anomalepididae","","N8",109.911133,"N3116",79.884284158,4,18,""
"F","Anomochilidae","","N3016",14.894977392,"N3017",9.013661813,1,3,""
"F","Atractaspididae","","N17",57.183132,"N1836",54.76196184106,12,71,""
"F","Bipedidae","","N5833",95.990273,"N6019",50.38469,1,3,""
"F","Blanidae","","N5835",73.739955,"N6012",37.449085,1,7,""
"F","Boidae","","N2915",75.279165,"N3025",60.749249229,14,58,""
"F","Bolyeriidae","","N2912",69.774309,"N2914",58.23890087,2,2,""
"F","Cadeidae","","N5834",82.998372,"N6018",18.04619661,1,2,""
"F","Carphodactylidae","","N9660",54.359783,"N9704",39.518497282,7,30,""
"F","Chamaeleonidae","","N4642",117.375096,"N5090",68.884961494,12,200,""
"F","Colubridae","","N17",57.183132,"N18",51.0204236222,251,1816,""
"F","Cordylidae","","N7997",76.120433,"N7998",46.778647,10,66,""
"F","Corytophanidae","","N4458",51.902666,"N4459",36.210652717,3,9,""
"F","Crotaphytidae","","N4029",54.596058,"N4052",32.426049,2,12,""
"F","Cyclocoridae","","N16",59.319748,"N17",57.183132808,4,7,""
"F","Cylindrophiidae","","N2959",40.665082,"N3013",26.067050849,1,10,""
"F","Dactyloidae","","N4063",66.309043,"N4064",60.301373849,1,395,""
"F","Dibamidae","","N2",194.431664,"N9733",194.43143925,2,23,""
"F","Diplodactylidae","","N9530",61.738624,"N9531",57.3333267809,25,130,""
"F","Diploglossidae","","N5371",53.091307,"N5444",48.552599349,3,51,""
"F","Elapidae","","N1838",37.569891,"N1839",35.205328492,53,352,""
"F","Eublepharidae","","N8133",96.268143,"N9498",89.756603202,6,33,""
"F","Gekkonidae","","N8135",84.681892,"N8136",80.0746032362,55,1022,""
"F","Gerrhopilidae","","N3134",67.527578,"N3396",63.914375747,2,18,""
"F","Gerrhosauridae","","N7997",76.120433,"N8063",37.733357593,7,37,""
"F","Gymnophthalmidae","","N6022",86.510374,"N6023",78.469760965,44,224,""
"F","Helodermatidae","","N5369",94.811183,"N5499",18.763581,1,2,""
"F","Homalopsidae","","N16",59.319748,"N2497",25.57023839,28,53,""
"F","Hoplocercidae","","N4030",50.335537,"N4031",25.203972069,3,16,""
"F","Iguanidae","","N3863",53.200923,"N3988",32.450451516,8,42,""
"F","Lacertidae","","N5510",143.791813,"N5511",56.016290636,43,322,""
"F","Lamprophiidae","","N2194",42.161016,"N2195",39.8830331061,15,75,""
"F","Leiocephalidae","","N4458",51.902666,"N4467",24.155538714,1,29,""
"F","Leiosauridae","","N3823",52.384917,"N3824",21.54905571,6,33,""
"F","Leptotyphlopidae","","N3133",95.51404,"N3413",63.170583032,12,118,""
"F","Liolaemidae","","N3535",56.921384,"N3536",44.9051541877,3,288,""
"F","Opluridae","","N3823",52.384917,"N3856",24.1476,2,7,""
"F","Pareidae","","N12",76.820509,"N13",75.521482587,4,20,""
"F","Phrynosomatidae","","N3532",73.07084,"N4495",37.626011621,9,148,""
"F","Phyllodactylidae","","N8135",84.681892,"N9157",76.0859801715,10,134,""
"F","Polychrotidae","","N4030",50.335537,"N4046",24.405699151,1,7,""
"F","Prosymnidae","","N2197",34.838842,"N2252",30.126093476,1,16,""
"F","Psammophiidae","","N2198",34.2625711889,"N2199",24.190834375,7,50,""
"F","Pseudaspididae","","N1837",46.049357,"N1838",37.569901998,3,4,""
"F","Pseudoxyrhophiidae","","N2194",42.161016,"N2405",31.951167501,22,89,""
"F","Pygopodidae","","N9660",54.359783,"N9661",26.8694788449,7,44,""
"F","Pythonidae","","N2918",39.265423,"N2919",17.521703584,9,40,""
"F","Scincidae","","N6412",152.983068,"N6413",101.743430073,152,1584,""
"F","Sphaerodactylidae","","N8134",90.038406,"N9290",88.511000197,12,209,""
"F","Teiidae","","N5509",167.963059,"N6021",92.436523,16,146,""
"F","Trogonophidae","","N5836",53.755752,"N6007",45.577496809,4,6,""
"F","Tropidophiidae","","N3082",78.667738,"N3083",55.278076751817,2,34,""
"F","Tropiduridae","","N3863",53.200923,"N3864",51.036092102,8,125,""
"F","Typhlopidae","","N3135",50.536612,"N3136",43.9600360436,16,261,""
"F","Uropeltidae","","N2959",40.665082,"N2960",38.5436220885,8,54,""
"F","Varanidae","","N5290",64.282781,"N5291",24.629122046,1,77,""
"F","Viperidae","","N15",62.111708,"N2549",38.4152729065,35,329,""
"F","Xantusiidae","","N7996",135.334387,"N8099",77.797664541,3,34,""
"F","Xenodermidae","","N2893",70.024087269,"N2894",57.192906205,5,15,""
"F","Xenopeltidae","","N2917",51.724871,"N2958",21.40463552,1,2,""
"F","Xenophidiidae","","N2912",69.774309,"N2913",5.246947614,1,2,""
"F","Xenosauridae","","N5368",102.039929,"N5500",67.061003222,1,10,""
"G","Gymnophthalmidae","Adercosaurus","N6170",13.4945014,"N6170",13.4945014,1,1,"Adercosaurus_vixadnexus"
"G","Colubridae","Aeluroglena","N580",7.463113425,"N580",7.463113425,1,1,"Aeluroglena_cucullata"
"G","Eublepharidae","Aeluroscalabotes","N9498",89.75659087,"N9498",89.75659087,1,1,"Aeluroscalabotes_felinus"
"G","Colubridae","Afronatrix","N1707",23.8849332,"N1707",23.8849332,1,1,"Afronatrix_anoscopus"
"G","Gekkonidae","Agamura","N8542",29.17487374,"N8542",29.17487374,1,1,"Agamura_persica"
"G","Gymnophthalmidae","Alexandresaurus","N6211",28.89751123,"N6211",28.89751123,1,1,"Alexandresaurus_camacan"
"G","Gymnophthalmidae","Amapasaurus","N6185",1.825638178,"N6185",1.825638178,1,1,"Amapasaurus_tetradactylus"
"G","Iguanidae","Amblyrhynchus","N4026",11.25314814,"N4026",11.25314814,1,1,"Amblyrhynchus_cristatus"
"G","Colubridae","Amnesteophis","N954",1.015559339,"N954",1.015559339,1,1,"Amnesteophis_melanauchen"
"G","Colubridae","Amphiesma","N1695",32.27399593,"N1695",32.27399593,1,1,"Amphiesma_stolatum"
"G","Colubridae","Amphiesmoides","N1768",8.367651104,"N1768",8.367651104,1,1,"Amphiesmoides_ornaticeps"
"G","Pseudoxyrhophiidae","Amplorhinus","N2419",21.03136042,"N2419",21.03136042,1,1,"Amplorhinus_multimaculatus"
"G","Scincidae","Androngo","N7897",24.39749495,"N7897",24.39749495,1,1,"Androngo_trivittatus"
"G","Dibamidae","Anelytropsis","N9751",20.0786702,"N9751",20.0786702,1,1,"Anelytropsis_papillosus"
"G","Scincidae","Anepischetosia","N6655",8.73380037,"N6655",8.73380037,1,1,"Anepischetosia_maccoyi"
"G","Aniliidae","Anilius","N3082",78.667745,"N3082",78.667745,1,1,"Anilius_scytale"
"G","Colubridae","Anoplohydrus","N1834",3.156447021,"N1834",3.156447021,1,1,"Anoplohydrus_aemulans"
"G","Pareidae","Aplopeltura","N2882",41.16295303,"N2882",41.16295303,1,1,"Aplopeltura_boa"
"G","Colubridae","Aprosdoketophis","N576",3.983797547,"N576",3.983797547,1,1,"Aprosdoketophis_andreonei"
"G","Lacertidae","Archaeolacerta","N5634",22.43551854,"N5634",22.43551854,1,1,"Archaeolacerta_bedriagae"
"G","Chamaeleonidae","Archaius","N5255",30.06754721,"N5255",30.06754721,1,1,"Archaius_tigris"
"G","Colubridae","Archelaphe","N268",15.36824432,"N268",15.36824432,1,1,"Archelaphe_bella"
"G","Colubridae","Arizona","N335",8.276354738,"N335",8.276354738,1,1,"Arizona_elegans"
"G","Lacertidae","Atlantolacerta","N5636",48.94751515,"N5636",48.94751515,1,1,"Atlantolacerta_andreanskyi"
"G","Lacertidae","Australolacerta","N5691",38.47489032,"N5691",38.47489032,1,1,"Australolacerta_australis"
"G","Amphisbaenidae","Baikia","N5870",10.01299268,"N5870",10.01299268,1,1,"Baikia_africana"
"G","Colubridae","Balanophis","N1678",0.4237406323,"N1678",0.4237406323,1,1,"Balanophis_ceylonensis"
"G","Colubridae","Bamanophis","N579",11.60739906,"N579",11.60739906,1,1,"Bamanophis_dorri"
"G","Homalopsidae","Bitia","N2518",18.12354178,"N2518",18.12354178,1,1,"Bitia_hydroides"
"G","Colubridae","Blythia","N772",4.495663209,"N772",4.495663209,1,1,"Blythia_reticulata"
"G","Boidae","Boa","N3030",37.23696479,"N3030",37.23696479,1,1,"Boa_constrictor"
"G","Bolyeriidae","Bolyeria","N2914",58.23890087,"N2914",58.23890087,1,1,"Bolyeria_multocarinata"
"G","Lamprophiidae","Bothrolycus","N2335",11.59950021,"N2335",11.59950021,1,1,"Bothrolycus_ater"
"G","Uropeltidae","Brachyophidium","N2993",9.854749365,"N2993",9.854749365,1,1,"Brachyophidium_rhodogaster"
"G","Atractaspididae","Brachyophis","N2346",1.636281045,"N2346",1.636281045,1,1,"Brachyophis_revoili"
"G","Agamidae","Brachysaura","N4678",20.16311652,"N4678",20.16311652,1,1,"Brachysaura_minor"
"G","Gerrhosauridae","Broadleysaurus","N8082",36.30524042,"N8082",36.30524042,1,1,"Broadleysaurus_major"
"G","Pseudoxyrhophiidae","Brygophis","N2418",3.05343834,"N2418",3.05343834,1,1,"Brygophis_coulangesi"
"G","Agamidae","Bufoniceps","N4696",23.10466661,"N4696",23.10466661,1,1,"Bufoniceps_laungwalaensis"
"G","Colubridae","Caaeteboia","N989",2.846788818,"N989",2.846788818,1,1,"Caaeteboia_amarali"
"G","Boidae","Calabaria","N3026",56.684842,"N3026",56.684842,1,1,"Calabaria_reinhardtii"
"G","Phrynosomatidae","Callisaurus","N4641",14.1317078,"N4641",14.1317078,1,1,"Callisaurus_draconoides"
"G","Viperidae","Calloselasma","N2558",27.23748255,"N2558",27.23748255,1,1,"Calloselasma_rhodostoma"
"G","Homalopsidae","Cantoria","N2525",1.882258194,"N2525",1.882258194,1,1,"Cantoria_violacea"
"G","Gymnophthalmidae","Caparaonia","N6217",8.09446113,"N6217",8.09446113,1,1,"Caparaonia_itaiquara"
"G","Colubridae","Caraiba","N1098",4.200338957,"N1098",4.200338957,1,1,"Caraiba_andreae"
"G","Carphodactylidae","Carphodactylus","N9721",32.41134495,"N9721",32.41134495,1,1,"Carphodactylus_laevis"
"G","Bolyeriidae","Casarea","N2914",58.23890087,"N2914",58.23890087,1,1,"Casarea_dussumieri"
"G","Gerrhopilidae","Cathetorhinus","N3396",63.91437574,"N3396",63.91437574,1,1,"Cathetorhinus_melanocephalus"
"G","Colubridae","Cemophora","N313",7.019447851,"N313",7.019447851,1,1,"Cemophora_coccinea"
"G","Colubridae","Cercophis","N1067",0.280518013,"N1067",0.280518013,1,1,"Cercophis_auratus"
"G","Scincidae","Chabanaudia","N7779",16.89512494,"N7779",16.89512494,1,1,"Chabanaudia_boulengeri"
"G","Opluridae","Chalarodon","N3860",22.331037,"N3860",22.331037,1,1,"Chalarodon_madagascariensis"
"G","Scincidae","Chalcidoseps","N7776",11.15425969,"N7776",11.15425969,1,1,"Chalcidoseps_thwaitesi"
"G","Colubridae","Chapinophis","N1277",4.0595697,"N1277",4.0595697,1,1,"Chapinophis_xanthocheilus"
"G","Sphaerodactylidae","Chatogekko","N9297",82.6390828,"N9297",82.6390828,1,1,"Chatogekko_amazonicus"
"G","Agamidae","Chelosania","N4981",1.529721303,"N4981",1.529721303,1,1,"Chelosania_brunnea"
"G","Agamidae","Chlamydosaurus","N5058",18.02764654,"N5058",18.02764654,1,1,"Chlamydosaurus_kingii"
"G","Colubridae","Clonophis","N1826",9.651193303,"N1826",9.651193303,1,1,"Clonophis_kirtlandii"
"G","Scincidae","Coggeria","N7430",4.530234713,"N7430",4.530234713,1,1,"Coggeria_naufragus"
"G","Colubridae","Collorhabdium","N775",2.09383799,"N775",2.09383799,1,1,"Collorhabdium_williamsoni"
"G","Gymnophthalmidae","Colobosaura","N6213",20.2625574,"N6213",20.2625574,1,1,"Colobosaura_modesta"
"G","Anguidae","Coloptychon","N5423",0.183846426,"N5423",0.183846426,1,1,"Coloptychon_rhombifer"
"G","Colubridae","Colubroelaps","N410",1.135488479,"N410",1.135488479,1,1,"Colubroelaps_nguyenvansangi"
"G","Agamidae","Complicitus","N4916",6.638082216,"N4916",6.638082216,1,1,"Complicitus_nigrigularis"
"G","Phrynosomatidae","Cophosaurus","N4641",14.1317078,"N4641",14.1317078,1,1,"Cophosaurus_texanus"
"G","Gerrhosauridae","Cordylosaurus","N8092",27.79700294,"N8092",27.79700294,1,1,"Cordylosaurus_subtessellatus"
"G","Colubridae","Coronelaps","N1067",0.280518013,"N1067",0.280518013,1,1,"Coronelaps_lepidus"
"G","Scincidae","Corucia","N7108",34.17225996,"N7108",34.17225996,1,1,"Corucia_zebrata"
"G","Diplodactylidae","Crenadactylus","N9532",54.84559396,"N9532",54.84559396,1,1,"Crenadactylus_ocellatus"
"G","Xantusiidae","Cricosaura","N8099",77.797667,"N8099",77.797667,1,1,"Cricosaura_typica"
"G","Colubridae","Crisantophis","N1184",14.1801838,"N1184",14.1801838,1,1,"Crisantophis_nevermanni"
"G","Teiidae","Crocodilurus","N6276",7.705112627,"N6276",7.705112627,1,1,"Crocodilurus_amazonicus"
"G","Colubridae","Cryophis","N1564",1.693422034,"N1564",1.693422034,1,1,"Cryophis_hallbergi"
"G","Gekkonidae","Cryptactites","N8988",19.86837877,"N8988",19.86837877,1,1,"Cryptactites_peringueyi"
"G","Agamidae","Cryptagama","N5062",3.646665712,"N5062",3.646665712,1,1,"Cryptagama_aurita"
"G","Liolaemidae","Ctenoblepharys","N3536",44.90514271,"N3536",44.90514271,1,1,"Ctenoblepharys_adspersa"
"G","Typhlopidae","Cyclotyphlops","N3213",7.44715544,"N3213",7.44715544,1,1,"Cyclotyphlops_deharvengi"
"G","Diplodactylidae","Dactylocnemis","N9615",13.71181725,"N9615",13.71181725,1,1,"Dactylocnemis_pacificus"
"G","Lacertidae","Dalmatolacerta","N5538",26.42758329,"N5538",26.42758329,1,1,"Dalmatolacerta_oxycephala"
"G","Viperidae","Deinagkistrodon","N2557",31.95851664,"N2557",31.95851664,1,1,"Deinagkistrodon_acutus"
"G","Agamidae","Dendragama","N4881",13.50925423,"N4881",13.50925423,1,1,"Dendragama_boulengeri"
"G","Lamprophiidae","Dendrolycus","N2307",12.44128498,"N2307",12.44128498,1,1,"Dendrolycus_elapoides"
"G","Colubridae","Diadophis","N1596",21.65926698,"N1596",21.65926698,1,1,"Diadophis_punctatus"
"G","Homalopsidae","Dieurostus","N2498",10.64524977,"N2498",10.64524977,1,1,"Dieurostus_dussumieri"
"G","Trogonophidae","Diplometopon","N6009",13.70963248,"N6009",13.70963248,1,1,"Diplometopon_zarudnyi"
"G","Psammophiidae","Dipsina","N2239",21.83710833,"N2239",21.83710833,1,1,"Dipsina_multimaculata"
"G","Iguanidae","Dipsosaurus","N3989",28.45185281,"N3989",28.45185281,1,1,"Dipsosaurus_dorsalis"
"G","Colubridae","Dispholidus","N590",4.456085346,"N590",4.456085346,1,1,"Dispholidus_typus"
"G","Colubridae","Ditaxodon","N954",1.015559339,"N954",1.015559339,1,1,"Ditaxodon_taeniatus"
"G","Pseudoxyrhophiidae","Ditypophis","N2418",3.05343834,"N2418",3.05343834,1,1,"Ditypophis_vivax"
"G","Homalopsidae","Djokoiskandarus","N2527",6.663966624,"N2527",6.663966624,1,1,"Djokoiskandarus_annulata"
"G","Colubridae","Drepanoides","N922",0.5029298405,"N922",0.5029298405,1,1,"Drepanoides_anomalus"
"G","Gymnophthalmidae","Dryadosaura","N6157",6.18515837,"N6157",6.18515837,1,1,"Dryadosaura_nordestina"
"G","Elapidae","Echiopsis","N1972",15.93758769,"N1972",15.93758769,1,1,"Echiopsis_curta"
"G","Gymnophthalmidae","Ecpleopus","N6185",1.825638178,"N6185",1.825638178,1,1,"Ecpleopus_gaudichaudii"
"G","Colubridae","Elachistodon","N430",4.510698308,"N430",4.510698308,1,1,"Elachistodon_westermanni"
"G","Colubridae","Elapoidis","N770",5.675505643,"N770",5.675505643,1,1,"Elapoidis_fusca"
"G","Pseudoxyrhophiidae","Elapotinus","N2437",1.893717569,"N2437",1.893717569,1,1,"Elapotinus_picteti"
"G","Colubridae","Enuliophis","N1278",12.45058713,"N1278",12.45058713,1,1,"Enuliophis_sclateri"
"G","Elapidae","Ephalophis","N1988",6.713033623,"N1988",6.713033623,1,1,"Ephalophis_greyae"
"G","Viperidae","Eristicophis","N2870",11.26172017,"N2870",11.26172017,1,1,"Eristicophis_macmahoni"
"G","Scincidae","Eroticoscincus","N6487",6.012501394,"N6487",6.012501394,1,1,"Eroticoscincus_graciloides"
"G","Homalopsidae","Erpeton","N2543",6.986391546,"N2543",6.986391546,1,1,"Erpeton_tentaculatum"
"G","Colubridae","Etheridgeum","N775",2.09383799,"N775",2.09383799,1,1,"Etheridgeum_pulchrum"
"G","Sphaerodactylidae","Euleptes","N9488",64.40697577,"N9488",64.40697577,1,1,"Euleptes_europaea"
"G","Scincidae","Exila","N7021",13.69245294,"N7021",13.69245294,1,1,"Exila_nigropalmata"
"G","Boidae","Exiliboa","N3077",31.91476402,"N3077",31.91476402,1,1,"Exiliboa_placata"
"G","Homalopsidae","Ferania","N2543",6.986391546,"N2543",6.986391546,1,1,"Ferania_sieboldii"
"G","Scincidae","Fojia","N7448",21.50451859,"N7448",21.50451859,1,1,"Fojia_bumui"
"G","Homalopsidae","Fordonia","N2526",12.30930355,"N2526",12.30930355,1,1,"Fordonia_leucobalia"
"G","Viperidae","Garthius","N2561",32.75025585,"N2561",32.75025585,1,1,"Garthius_chaseni"
"G","Colubridae","Geagras","N188",0.7258345619,"N188",0.7258345619,1,1,"Geagras_redimitus"
"G","Scincidae","Geoscincus","N6637",10.9030217,"N6637",10.9030217,1,1,"Geoscincus_haraldmeieri"
"G","Homalopsidae","Gerarda","N2529",1.626762825,"N2529",1.626762825,1,1,"Gerarda_prevostiana"
"G","Colubridae","Gomesophis","N953",1.34186326,"N953",1.34186326,1,1,"Gomesophis_brasiliensis"
"G","Scincidae","Gongylomorphus","N7812",21.11178945,"N7812",21.11178945,1,1,"Gongylomorphus_bojerii"
"G","Scincidae","Graciliscincus","N6487",6.012501394,"N6487",6.012501394,1,1,"Graciliscincus_shonae"
"G","Typhlopidae","Grypotyphlops","N3274",27.2373498,"N3274",27.2373498,1,1,"Grypotyphlops_acutus"
"G","Scincidae","Haackgreerius","N6876",8.999049858,"N6876",8.999049858,1,1,"Haackgreerius_miopus"
"G","Colubridae","Haitiophis","N1098",4.200338957,"N1098",4.200338957,1,1,"Haitiophis_anomalus"
"G","Scincidae","Hakaria","N7784",52.35651796,"N7784",52.35651796,1,1,"Hakaria_simonyi"
"G","Scincidae","Harrisoniascincus","N6576",17.07550059,"N6576",17.07550059,1,1,"Harrisoniascincus_zia"
"G","Lacertidae","Hellenolacerta","N5538",26.42758329,"N5538",26.42758329,1,1,"Hellenolacerta_graeca"
"G","Colubridae","Helophis","N1705",1.678788595,"N1705",1.678788595,1,1,"Helophis_schoutedeni"
"G","Elapidae","Hemachatus","N2182",7.179422649,"N2182",7.179422649,1,1,"Hemachatus_haemachatus"
"G","Colubridae","Hemerophis","N507",11.72757855,"N507",11.72757855,1,1,"Hemerophis_socotrae"
"G","Elapidae","Hemibungarus","N2186",20.77869121,"N2186",20.77869121,1,1,"Hemibungarus_calligaster"
"G","Scincidae","Hemisphaeriodon","N7139",17.36128141,"N7139",17.36128141,1,1,"Hemisphaeriodon_gerrardii"
"G","Diplodactylidae","Hesperoedura","N9538",37.89328037,"N9538",37.89328037,1,1,"Hesperoedura_reticulata"
"G","Homalopsidae","Heurnia","N2529",1.626762825,"N2529",1.626762825,1,1,"Heurnia_ventromaculata"
"G","Hoplocercidae","Hoplocercus","N4031",25.20396832,"N4031",25.20396832,1,1,"Hoplocercus_spinosus"
"G","Lamprophiidae","Hormonotus","N2306",16.32151512,"N2306",16.32151512,1,1,"Hormonotus_modestus"
"G","Elapidae","Hydrelaps","N1989",9.916984589,"N1989",9.916984589,1,1,"Hydrelaps_darwiniensis"
"G","Atractaspididae","Hypoptophis","N2344",9.572217409,"N2344",9.572217409,1,1,"Hypoptophis_wilsonii"
"G","Agamidae","Hypsicalotes","N4818",7.911677585,"N4818",7.911677585,1,1,"Hypsicalotes_kinabaluensis"
"G","Colubridae","Iguanognathus","N1768",8.367651104,"N1768",8.367651104,1,1,"Iguanognathus_werneri"
"G","Agamidae","Intellagama","N5062",3.646665712,"N5062",3.646665712,1,1,"Intellagama_lesueurii"
"G","Lamprophiidae","Inyoka","N2308",11.516303,"N2308",11.516303,1,1,"Inyoka_swazicus"
"G","Gymnophthalmidae","Iphisa","N6213",20.2625574,"N6213",20.2625574,1,1,"Iphisa_elegans"
"G","Scincidae","Jarujinia","N7812",21.11178945,"N7812",21.11178945,1,1,"Jarujinia_bipedalis"
"G","Gymnophthalmidae","Kaieteurosaurus","N6151",22.43949779,"N6151",22.43949779,1,1,"Kaieteurosaurus_hindsi"
"G","Homalopsidae","Karnsophis","N2508",8.191615103,"N2508",8.191615103,1,1,"Karnsophis_siantaris"
"G","Gekkonidae","Kolekanos","N8983",55.41520131,"N8983",55.41520131,1,1,"Kolekanos_plumicaudus"
"G","Hydrophiidae","Kolpophis","N1937",0.2879795499,"N1937",0.2879795499,1,1,"Kolpophis_annandalei"
"G","Homalopsidae","Kualatahan","N2525",1.882258194,"N2525",1.882258194,1,1,"Kualatahan_pahangensis"
"G","Scincidae","Lacertoides","N6494",8.87294502,"N6494",8.87294502,1,1,"Lacertoides_pardalis"
"G","Lanthanotidae","Lanthanotus","N5290",64.28279,"N5290",64.28279,1,1,"Lanthanotus_borneensis"
"G","Colubridae","Leptodrymus","N202",10.72553746,"N202",10.72553746,1,1,"Leptodrymus_pulcherrimus"
"G","Colubridae","Lepturophis","N407",4.850346727,"N407",4.850346727,1,1,"Lepturophis_albofuscus"
"G","Colubridae","Lioheterophis","N922",0.5029298405,"N922",0.5029298405,1,1,"Lioheterophis_iheringi"
"G","Agamidae","Lophocalotes","N4916",6.638082216,"N4916",6.638082216,1,1,"Lophocalotes_ludekingi"
"G","Elapidae","Loveridgelaps","N1840",30.24004563,"N1840",30.24004563,1,1,"Loveridgelaps_elapoides"
"G","Loxocemidae","Loxocemus","N2918",39.265436,"N2918",39.265436,1,1,"Loxocemus_bicolor"
"G","Colubridae","Lycognathophis","N1707",23.8849332,"N1707",23.8849332,1,1,"Lycognathophis_seychellensis"
"G","Agamidae","Lyriocephalus","N4816",19.21669621,"N4816",19.21669621,1,1,"Lyriocephalus_scutatus"
"G","Atractaspididae","Macrelaps","N2346",1.636281045,"N2346",1.636281045,1,1,"Macrelaps_microlepidotus"
"G","Scincidae","Manciola","N7013",20.61553494,"N7013",20.61553494,1,1,"Manciola_guaporicola"
"G","Colubridae","Manolepis","N1183",20.48219129,"N1183",20.48219129,1,1,"Manolepis_putnami"
"G","Agamidae","Mantheyus","N4962",14.63717665,"N4962",14.63717665,1,1,"Mantheyus_phuwuanensis"
"G","Gymnophthalmidae","Marinussaurus","N6170",13.4945014,"N6170",13.4945014,1,1,"Marinussaurus_curupira"
"G","Teiidae","Medopheos","N6317",40.55120025,"N6317",40.55120025,1,1,"Medopheos_edracanthus"
"G","Elapidae","Micropechis","N2149",1.897154162,"N2149",1.897154162,1,1,"Micropechis_ikaheka"
"G","Pseudoxyrhophiidae","Micropisthodon","N2468",18.46272123,"N2468",18.46272123,1,1,"Micropisthodon_ochraceus"
"G","Elapidae","Micruroides","N1937",0.2879795499,"N1937",0.2879795499,1,1,"Micruroides_euryxanthus"
"G","Psammophiidae","Mimophis","N2249",11.43466615,"N2249",11.43466615,1,1,"Mimophis_mahfalensis"
"G","Homalopsidae","Mintonophis","N2548",8.345726722,"N2548",8.345726722,1,1,"Mintonophis_pakistanicus"
"G","Homalopsidae","Miralia","N2528",2.550246883,"N2528",2.550246883,1,1,"Miralia_alternans"
"G","Agamidae","Moloch","N4977",26.76271465,"N4977",26.76271465,1,1,"Moloch_horridus"
"G","Lamprophiidae","Montaspis","N2335",11.59950021,"N2335",11.59950021,1,1,"Montaspis_gilvomaculata"
"G","Viperidae","Montatheris","N2826",23.47461978,"N2826",23.47461978,1,1,"Montatheris_hindii"
"G","Cyclocoridae","Myersophis","N409",2.710039386,"N409",2.710039386,1,1,"Myersophis_alpestris"
"G","Scincidae","Nangura","N7416",23.08864198,"N7416",23.08864198,1,1,"Nangura_spinosa"
"G","Gekkonidae","Narudasia","N8934",71.50755277,"N8934",71.50755277,1,1,"Narudasia_festiva"
"G","Diplodactylidae","Nebulifera","N9603",2.194845582,"N9603",2.194845582,1,1,"Nebulifera_robusta"
"G","Cordylidae","Ninurta","N8025",24.45173803,"N8025",24.45173803,1,1,"Ninurta_coeruleopunctatus"
"G","Elapidae","Notechis","N1980",6.620445971,"N1980",6.620445971,1,1,"Notechis_scutatus"
"G","Gymnophthalmidae","Nothobachia","N6231",16.00747643,"N6231",16.00747643,1,1,"Nothobachia_ablephara"
"G","Colubridae","Nothopsis","N1235",13.60664556,"N1235",13.60664556,1,1,"Nothopsis_rugosus"
"G","Scincidae","Notomabuya","N7021",13.69245294,"N7021",13.69245294,1,1,"Notomabuya_frenata"
"G","Diplodactylidae","Oedodera","N9626",29.09695912,"N9626",29.09695912,1,1,"Oedodera_marmorata"
"G","Elapidae","Ogmodon","N2068",0.4721915686,"N2068",0.4721915686,1,1,"Ogmodon_vitianus"
"G","Colubridae","Oocatochus","N281",10.06479178,"N281",10.06479178,1,1,"Oocatochus_rufodorsatus"
"G","Pygopodidae","Ophidiocephalus","N9686",25.08710339,"N9686",25.08710339,1,1,"Ophidiocephalus_taeniatus"
"G","Elapidae","Ophiophagus","N2188",13.82483528,"N2188",13.82483528,1,1,"Ophiophagus_hannah"
"G","Viperidae","Ophryacus","N2710",16.48271482,"N2710",16.48271482,1,1,"Ophryacus_undulatus"
"G","Colubridae","Oreocalamus","N746",11.952891,"N746",11.952891,1,1,"Oreocalamus_hanitschi"
"G","Colubridae","Oreocryptophis","N269",14.49971773,"N269",14.49971773,1,1,"Oreocryptophis_porphyraceus"
"G","Colubridae","Orientocoluber","N538",3.062498041,"N538",3.062498041,1,1,"Orientocoluber_spinalis"
"G","Agamidae","Oriocalotes","N4818",7.911677585,"N4818",7.911677585,1,1,"Oriocalotes_paulus"
"G","Scincidae","Orosaura","N7055",8.401089476,"N7055",8.401089476,1,1,"Orosaura_nebulosylvestris"
"G","Carphodactylidae","Orraya","N9720",37.00411762,"N9720",37.00411762,1,1,"Orraya_occultus"
"G","Scincidae","Otosaurus","N7377",39.12697127,"N7377",39.12697127,1,1,"Otosaurus_cumingi"
"G","Cordylidae","Ouroborus","N8027",19.91039475,"N8027",19.91039475,1,1,"Ouroborus_cataphractus"
"G","Trogonophidae","Pachycalamus","N6009",13.70963248,"N6009",13.70963248,1,1,"Pachycalamus_brevis"
"G","Scincidae","Pamelaescincus","N7774",41.77693463,"N7774",41.77693463,1,1,"Pamelaescincus_gardineri"
"G","Diplodactylidae","Paniegekko","N9629",26.20636659,"N9629",26.20636659,1,1,"Paniegekko_madjo"
"G","Gymnophthalmidae","Pantepuisaurus","N6151",22.43949779,"N6151",22.43949779,1,1,"Pantepuisaurus_rodriguesi"
"G","Pygopodidae","Paradelma","N9687",14.46987054,"N9687",14.46987054,1,1,"Paradelma_orientalis"
"G","Xenodermidae","Parafimbrios","N2904",12.38874288,"N2904",12.38874288,1,1,"Parafimbrios_lao"
"G","Colubridae","Parahelicops","N1704",0.7751475109,"N1704",0.7751475109,1,1,"Parahelicops_annamensis"
"G","Elapidae","Parahydrophis","N1988",6.713033623,"N1988",6.713033623,1,1,"Parahydrophis_mertoni"
"G","Colubridae","Paraphimophis","N941",2.832979497,"N941",2.832979497,1,1,"Paraphimophis_rusticus"
"G","Elapidae","Parapistocalamus","N2189",0.1314905283,"N2189",0.1314905283,1,1,"Parapistocalamus_hedigeri"
"G","Colubridae","Pararhabdophis","N1705",1.678788595,"N1705",1.678788595,1,1,"Pararhabdophis_chapaensis"
"G","Pseudoxyrhophiidae","Pararhadinaea","N2411",13.02035017,"N2411",13.02035017,1,1,"Pararhadinaea_melanogaster"
"G","Pseudoxyrhophiidae","Parastenophis","N2464",27.67785069,"N2464",27.67785069,1,1,"Parastenophis_betsileanus"
"G","Colubridae","Paratapinophis","N1704",0.7751475109,"N1704",0.7751475109,1,1,"Paratapinophis_praemaxillaris"
"G","Elapidae","Paroplocephalus","N1977",4.744109182,"N1977",4.744109182,1,1,"Paroplocephalus_atriceps"
"G","Agamidae","Physignathus","N4964",52.14873971,"N4964",52.14873971,1,1,"Physignathus_cocincinus"
"G","Homalopsidae","Phytolopsis","N2542",10.97183343,"N2542",10.97183343,1,1,"Phytolopsis_punctata"
"G","Colubridae","Plesiodipsas","N1581",10.71209819,"N1581",10.71209819,1,1,"Plesiodipsas_perijanensis"
"G","Pygopodidae","Pletholax","N9686",25.08710339,"N9686",25.08710339,1,1,"Pletholax_gracilis"
"G","Atractaspididae","Poecilopholis","N2383",10.08716475,"N2383",10.08716475,1,1,"Poecilopholis_cameronensis"
"G","Lacertidae","Poromera","N5639",42.60879126,"N5639",42.60879126,1,1,"Poromera_fordii"
"G","Viperidae","Proatheris","N2826",23.47461978,"N2826",23.47461978,1,1,"Proatheris_superciliaris"
"G","Pseudaspididae","Pseudaspis","N2193",28.420399,"N2193",28.420399,1,1,"Pseudaspis_cana"
"G","Colubridae","Pseudelaphe","N336",7.383197181,"N336",7.383197181,1,1,"Pseudelaphe_flavirufa"
"G","Gekkonidae","Pseudoceramodactylus","N8480",40.10815592,"N8480",40.10815592,1,1,"Pseudoceramodactylus_khobarensis"
"G","Homalopsidae","Pseudoferania","N2545",12.50884321,"N2545",12.50884321,1,1,"Pseudoferania_polylepis"
"G","Colubridae","Pseudoficimia","N186",6.98262822,"N186",6.98262822,1,1,"Pseudoficimia_frontalis"
"G","Colubridae","Pseudoleptodeira","N1277",4.0595697,"N1277",4.0595697,1,1,"Pseudoleptodeira_latifasciata"
"G","Anguidae","Pseudopus","N5443",2.609852018,"N5443",2.609852018,1,1,"Pseudopus_apodus"
"G","Colubridae","Pseudotomodon","N980",2.739457572,"N980",2.739457572,1,1,"Pseudotomodon_trigonatus"
"G","Uropeltidae","Pseudotyphlops","N3001",8.981226908,"N3001",8.981226908,1,1,"Pseudotyphlops_philippinus"
"G","Gymnophthalmidae","Psilophthalmus","N6223",19.97820625,"N6223",19.97820625,1,1,"Psilophthalmus_paeminosus"
"G","Colubridae","Ptychophis","N957",6.288045408,"N957",6.288045408,1,1,"Ptychophis_flavovirgatus"
"G","Pseudaspididae","Pythonodipsas","N2193",28.420399,"N2193",28.420399,1,1,"Pythonodipsas_carinata"
"G","Colubridae","Rabdion","N763",5.350482607,"N763",5.350482607,1,1,"Rabdion_forsteni"
"G","Homalopsidae","Raclitia","N2548",8.345726722,"N2548",8.345726722,1,1,"Raclitia_indica"
"G","Gekkonidae","Ramigekko","N8988",19.86837877,"N8988",19.86837877,1,1,"Ramigekko_swartbergensis"
"G","Agamidae","Rankinia","N5043",23.6986839,"N5043",23.6986839,1,1,"Rankinia_diemensis"
"G","Colubridae","Rhachidelus","N926",5.684582268,"N926",5.684582268,1,1,"Rhachidelus_brazili"
"G","Gymnophthalmidae","Rhachisaurus","N6208",63.041607,"N6208",63.041607,1,1,"Rhachisaurus_brachylepis"
"G","Colubridae","Rhadinophanes","N1564",1.693422034,"N1564",1.693422034,1,1,"Rhadinophanes_monticola"
"G","Lamprophiidae","Rhagerhis","N2203",15.56596433,"N2203",15.56596433,1,1,"Rhagerhis_moilensis"
"G","Colubridae","Rhinechis","N280",4.692606783,"N280",4.692606783,1,1,"Rhinechis_scalaris"
"G","Rhineuridae","Rhineura","N5832",134.433481,"N5832",134.433481,1,1,"Rhineura_floridana"
"G","Colubridae","Rhinocheilus","N336",7.383197181,"N336",7.383197181,1,1,"Rhinocheilus_lecontei"
"G","Elapidae","Rhinoplocephalus","N2137",11.20711058,"N2137",11.20711058,1,1,"Rhinoplocephalus_bicolor"
"G","Gekkonidae","Rhoptropella","N8855",64.65473984,"N8855",64.65473984,1,1,"Rhoptropella_ocellata"
"G","Scincidae","Saiphos","N7428",13.75418826,"N7428",13.75418826,1,1,"Saiphos_equalis"
"G","Elapidae","Salomonelaps","N2149",1.897154162,"N2149",1.897154162,1,1,"Salomonelaps_par"
"G","Lacertidae","Scelarcis","N5635",19.41831861,"N5635",19.41831861,1,1,"Scelarcis_perspicillata"
"G","Scincidae","Scincopus","N7706",16.52908887,"N7706",16.52908887,1,1,"Scincopus_fasciatus"
"G","Colubridae","Scolecophis","N104",14.55587857,"N104",14.55587857,1,1,"Scolecophis_atrocinctus"
"G","Gymnophthalmidae","Scriptosaura","N6231",16.00747643,"N6231",16.00747643,1,1,"Scriptosaura_catimbau"
"G","Colubridae","Seminatrix","N1827",12.3981244,"N1827",12.3981244,1,1,"Seminatrix_pygaea"
"G","Colubridae","Senticolis","N295",12.32738253,"N295",12.32738253,1,1,"Senticolis_triaspis"
"G","Scincidae","Sepsophis","N7896",30.29509455,"N7896",30.29509455,1,1,"Sepsophis_punctatus"
"G","Shinisauridae","Shinisaurus","N5367",116.26592,"N5367",116.26592,1,1,"Shinisaurus_crocodilurus"
"G","Scincidae","Simiscincus","N6486",9.560912483,"N6486",9.560912483,1,1,"Simiscincus_aurantiacus"
"G","Colubridae","Simophis","N187",2.500682346,"N187",2.500682346,1,1,"Simophis_rhinostoma"
"G","Colubridae","Sordellina","N1042",12.5642017,"N1042",12.5642017,1,1,"Sordellina_punctata"
"G","Sphenodontidae","Sphenodon","N1",246.785142,"N1",246.785142,1,1,"Sphenodon_punctatus"
"G","Agamidae","Stellagama","N4676",35.61018485,"N4676",35.61018485,1,1,"Stellagama_stellio"
"G","Gymnophthalmidae","Stenolepis","N6214",16.81249945,"N6214",16.81249945,1,1,"Stenolepis_ridleyi"
"G","Colubridae","Stichophanes","N1588",22.20695236,"N1588",22.20695236,1,1,"Stichophanes_ningshaanensis"
"G","Tropiduridae","Strobilurus","N3955",8.817033229,"N3955",8.817033229,1,1,"Strobilurus_torquatus"
"G","Homalopsidae","Subsessor","N2531",13.7888814,"N2531",13.7888814,1,1,"Subsessor_bocourti"
"G","Homalopsidae","Sumatranus","N2524",3.601022817,"N2524",3.601022817,1,1,"Sumatranus_albomaculata"
"G","Colubridae","Sympholis","N188",0.7258345619,"N188",0.7258345619,1,1,"Sympholis_lippiens"
"G","Scincidae","Tachygyia","N6449",1.933088475,"N6449",1.933088475,1,1,"Tachygyia_microlepis"
"G","Colubridae","Tantalophis","N1565",3.373217577,"N1565",3.373217577,1,1,"Tantalophis_discolor"
"G","Scincidae","Techmarscincus","N6549",10.26972001,"N6549",10.26972001,1,1,"Techmarscincus_jigurru"
"G","Lacertidae","Teira","N5635",19.41831861,"N5635",19.41831861,1,1,"Teira_dugesii"
"G","Uropeltidae","Teretrurus","N2992",27.38832238,"N2992",27.38832238,1,1,"Teretrurus_sanguineus"
"G","Colubridae","Tetralepis","N410",1.135488479,"N410",1.135488479,1,1,"Tetralepis_fruhstorferi"
"G","Gymnophthalmidae","Teuchocercus","N6137",17.536283,"N6137",17.536283,1,1,"Teuchocercus_keyi"
"G","Elapidae","Thalassophis","N2189",0.1314905283,"N2189",0.1314905283,1,1,"Thalassophis_anomalus"
"G","Colubridae","Thalesius","N921",2.40617713,"N921",2.40617713,1,1,"Thalesius_viridis"
"G","Agamidae","Thaumatorhynchus","N4962",14.63717665,"N4962",14.63717665,1,1,"Thaumatorhynchus_brooksi"
"G","Diplodactylidae","Toropuku","N9606",17.57387289,"N9606",17.57387289,1,1,"Toropuku_stephensi"
"G","Trogonophidae","Trogonophis","N6007",45.57749681,"N6007",45.57749681,1,1,"Trogonophis_wiegmanni"
"G","Elapidae","Tropidechis","N1980",6.620445971,"N1980",6.620445971,1,1,"Tropidechis_carinatus"
"G","Colubridae","Tropidoclonion","N1819",7.485611276,"N1819",7.485611276,1,1,"Tropidoclonion_lineatum"
"G","Diplodactylidae","Tukutuku","N9614",14.20978919,"N9614",14.20978919,1,1,"Tukutuku_rakiurae"
"G","Scincidae","Tumbunascincus","N7424",20.8972489,"N7424",20.8972489,1,1,"Tumbunascincus_luteilateralis"
"G","Anomalepididae","Typhlophis","N3118",54.2984717,"N3118",54.2984717,1,1,"Typhlophis_squamosus"
"G","Tropiduridae","Uranoscodon","N3928",38.79294692,"N3928",38.79294692,1,1,"Uranoscodon_superciliosus"
"G","Colubridae","Uromacerina","N989",2.846788818,"N989",2.846788818,1,1,"Uromacerina_ricardinii"
"G","Carphodactylidae","Uvidicolus","N9722",28.35171733,"N9722",28.35171733,1,1,"Uvidicolus_sphyrurus"
"G","Lacertidae","Vhembelacerta","N5677",42.88721504,"N5677",42.88721504,1,1,"Vhembelacerta_rupicola"
"G","Scincidae","Vietnascincus","N7009",17.96127211,"N7009",17.96127211,1,1,"Vietnascincus_rugosus"
"G","Xenodermidae","Xenodermus","N2906",31.20251825,"N2906",31.20251825,1,1,"Xenodermus_javanicus"
"G","Xenotyphlopidae","Xenotyphlops","N3135",50.53663,"N3135",50.53663,1,1,"Xenotyphlops_grandidieri"
"G","Colubridae","Xyelodontophis","N538",3.062498041,"N538",3.062498041,1,1,"Xyelodontophis_uluguruensis"
"G","Lacertidae","Zootoca","N5634",22.43551854,"N5634",22.43551854,1,1,"Zootoca_vivipara"
"G","Scincidae","Ablepharus","N6828",41.95401306066,"N6877",19.251483819,1,10,""
"G","Anguidae","Abronia","N5380",24.450116686,"N5381",20.8934659981,1,28,""
"G","Agamidae","Acanthocercus","N4709",44.216896085,"N4753",31.89798179,1,8,""
"G","Lacertidae","Acanthodactylus","N5719",40.9630996529,"N5720",38.033575298,1,42,""
"G","Elapidae","Acanthophis","N2047",18.8733328874,"N2048",7.919378049,1,7,""
"G","Agamidae","Acanthosaura","N4822",32.959148293,"N4825",17.15903492,1,10,""
"G","Xenodermidae","Achalinus","N2894",57.192904359,"N2895",44.406342605,1,9,""
"G","Scincidae","Acontias","N7971",25.95655346,"N7972",20.5999284642,1,21,""
"G","Boidae","Acrantophis","N3079",24.14771198,"N3081",5.293762165,1,2,""
"G","Gymnophthalmidae","Acratosaura","N6214",16.8124784890001,"N6215",4.976123275,1,2,""
"G","Acrochordidae","Acrochordus","N12",76.820509,"N2910",33.144993,1,3,""
"G","Typhlopidae","Acutotyphlops","N3164",24.8313073911001,"N3165",20.165841588,1,5,""
"G","Colubridae","Adelophis","N1778",6.48096972980005,"N1779",2.410976671,1,2,""
"G","Colubridae","Adelphicos","N1292",15.9492998838001,"N1559",7.4145865788,1,6,""
"G","Lacertidae","Adolfus","N5809",42.2546173721,"N5810",18.59863724,1,4,""
"G","Scincidae","Afroablepharus","N6807",17.411823558,"N6808",10.575068074,1,7,""
"G","Gekkonidae","Afroedura","N9069",52.42298120595,"N9080",43.800124744,1,27,""
"G","Gekkonidae","Afrogecko","N8986",44.26061555495,"N8991",8.063801143,1,2,""
"G","Typhlopidae","Afrotyphlops","N3275",25.0278286140001,"N3276",13.1847950032,1,26,""
"G","Agamidae","Agama","N4695",49.50871257,"N4709",44.2169149368,1,45,""
"G","Trogonophidae","Agamodon","N6008",23.028881266,"N6010",18.085206225,1,3,""
"G","Viperidae","Agkistrodon","N2716",20.6120921595,"N2717",11.14032732,1,6,""
"G","Colubridae","Ahaetulla","N692",23.684351711,"N738",13.83456822,1,8,""
"G","Gekkonidae","Ailuronyx","N8951",72.34197578395,"N8953",13.47354699,1,3,""
"G","Elapidae","Aipysurus","N2035",8.34087357060005,"N2036",4.8961313997,1,8,""
"G","Lacertidae","Algyroides","N5610",28.1751486256,"N5616",22.332947011,1,4,""
"G","Scincidae","Alinea","N7054",11.4354522280001,"N7057",8.845334786,1,4,""
"G","Pseudoxyrhophiidae","Alluaudina","N2407",26.170062815,"N2408",5.088070386,1,2,""
"G","Alopoglossidae","Alopoglossus","N6245",17.085133749,"N6260",7.992900021,1,7,""
"G","Colubridae","Alsophis","N1077",9.02353607100002,"N1078",6.51654304,1,9,""
"G","Gekkonidae","Alsophylax","N8555",68.117283049,"N8611",60.254577381,1,6,""
"G","Gekkonidae","Altiphylax","N8140",65.863506427,"N8471",54.686795965,1,6,""
"G","Diplodactylidae","Amalosia","N9535",43.624979793,"N9600",33.423647406,1,4,""
"G","Colubridae","Amastridium","N1209",7.54228488310008,"N1212",7.243965956,1,2,""
"G","Atractaspididae","Amblyodipsas","N2342",13.0894515289401,"N2347",11.1361165223,1,9,""
"G","Teiidae","Ameiva","N6285",46.962061767,"N6295",44.5061366268,1,30,""
"G","Teiidae","Ameivula","N6384",35.5733942147001,"N6389",30.79055739,1,14,""
"G","Typhlopidae","Amerotyphlops","N3334",30.13906757,"N3383",25.306782922,1,14,""
"G","Agamidae","Amphibolurus","N5059",14.359319482,"N5060",10.72339073,1,2,""
"G","Scincidae","Amphiglossus","N7866",31.135581588,"N7867",23.125456574,1,25,""
"G","Amphisbaenidae","Amphisbaena","N5838",47.5651194501,"N5872",40.713059396,1,106,""
"G","Gymnophthalmidae","Anadia","N6075",14.4704377553301,"N6088",10.959197376,1,19,""
"G","Lacertidae","Anatololacerta","N5611",24.6762398806,"N5613",11.852311016,1,4,""
"G","Amphisbaenidae","Ancylocranium","N5862",16.6734782641,"N5868",13.1190005494,1,3,""
"G","Anguidae","Anguis","N5437",10.3100989316,"N5438",8.557585284,1,6,""
"G","Typhlopidae","Anilios","N3164",24.8313073911001,"N3169",18.8013002632,1,45,""
"G","Leiosauridae","Anisolepis","N3836",11.796710656,"N3837",7.254398544,1,3,""
"G","Anguidae","Anniella","N5370",55.767484,"N5494",30.783724031,1,6,""
"G","Dactyloidae","Anolis","N4063",66.309043,"N4064",60.301373849,1,395,""
"G","Anomalepididae","Anomalepis","N3117",63.41601743,"N3121",19.84435742,1,4,""
"G","Scincidae","Anomalopus","N7410",40.627523723011,"N7412",34.814995468,1,7,""
"G","Anomochilidae","Anomochilus","N3016",14.894977392,"N3017",9.013661813,1,3,""
"G","Gymnophthalmidae","Anotosaura","N6157",6.18512436400005,"N6158",4.269096012,1,2,""
"G","Pythonidae","Antaresia","N2932",11.3848472583,"N2933",9.596907596,1,4,""
"G","Atractaspididae","Aparallactus","N2360",19.25393228244,"N2361",14.9279133303,1,11,""
"G","Lacertidae","Apathya","N5542",27.8107606197,"N5564",14.53272173,1,2,""
"G","Agamidae","Aphaniotis","N4800",19.197577017,"N4804",5.5460640841,1,3,""
"G","Colubridae","Apostolepis","N996",10.9233864840001,"N997",8.4338766548,1,30,""
"G","Pygopodidae","Aprasia","N9661",26.86945642,"N9692",21.2590421756,1,13,""
"G","Colubridae","Argyrogena","N486",8.59031756979999,"N492",0.23391804,1,2,""
"G","Typhlopidae","Argyrophis","N3247",29.2641733826001,"N3251",16.711044079,1,12,""
"G","Sphaerodactylidae","Aristelliger","N9489",60.10588605,"N9491",18.86329506,1,8,""
"G","Colubridae","Arrhyton","N1069",10.455322894,"N1070",7.1191040613,1,8,""
"G","Gymnophthalmidae","Arthrosaura","N6171",31.7750236824,"N6172",25.4225326246,1,9,""
"G","Phyllodactylidae","Asaccus","N9273",56.5210858637,"N9275",53.9459126173,1,16,""
"G","Elapidae","Aspidelaps","N2181",13.5442808840001,"N2184",10.94648412,1,2,""
"G","Pythonidae","Aspidites","N2952",9.85879210659999,"N2956",3.65704602,1,2,""
"G","Elapidae","Aspidomorphus","N2064",19.0564186323001,"N2083",14.10460739,1,3,""
"G","Teiidae","Aspidoscelis","N6317",40.5511772501,"N6318",28.234943169,1,40,""
"G","Colubridae","Aspidura","N1712",45.975373406,"N1713",25.492327603,1,7,""
"G","Scincidae","Aspronema","N7044",14.7945988200001,"N7067",2.896987879,1,2,""
"G","Pareidae","Asthenodipsas","N2877",51.92809042,"N2878",32.981294877,1,5,""
"G","Scincidae","Asymblepharus","N6878",17.41534030166,"N6879",14.1607760541,1,8,""
"G","Scincidae","Ateuchosaurus","N7158",37.599234355011,"N7163",26.63603874,1,2,""
"G","Viperidae","Atheris","N2782",31.197176979,"N2783",13.700883773,1,16,""
"G","Atractaspididae","Atractaspis","N2382",16.50270278,"N2385",13.4990398622,1,21,""
"G","Colubridae","Atractus","N1296",12.7165827557001,"N1297",12.0808636792,1,138,""
"G","Colubridae","Atretium","N1684",24.544689209,"N1685",19.486744916,1,2,""
"G","Viperidae","Atropoides","N2639",21.438884336,"N2640",15.7342697983,1,6,""
"G","Teiidae","Aurivela","N6296",32.343519077,"N6297",4.17189493,1,2,""
"G","Elapidae","Austrelaps","N1975",9.63605773910004,"N1981",2.163718958,1,3,""
"G","Viperidae","Azemiops","N2550",36.873787,"N2779",11.09949748,1,2,""
"G","Gymnophthalmidae","Bachia","N6025",68.436419,"N6186",49.044580166,1,23,""
"G","Anguidae","Barisia","N5395",13.6879975603001,"N5396",7.055151567,1,5,""
"G","Scincidae","Barkudia","N7712",50.403730257,"N7759",9.29876141,1,2,""
"G","Corytophanidae","Basiliscus","N4459",36.21063372,"N4464",29.26318163,1,4,""
"G","Scincidae","Bassiana","N6655",8.73377454326001,"N6656",5.5272387281,1,3,""
"G","Diplodactylidae","Bavayia","N9626",29.09694612,"N9627",27.3930260915,1,12,""
"G","Scincidae","Bellatorias","N7143",24.024127899,"N7144",15.053467914,1,3,""
"G","Bipedidae","Bipes","N5833",95.990273,"N6019",50.38469,1,3,""
"G","Viperidae","Bitis","N2782",31.197176979,"N2798",25.06958146,1,17,""
"G","Gekkonidae","Blaesodactylus","N9073",38.42580195995,"N9077",27.31112436,1,4,""
"G","Blanidae","Blanus","N5835",73.739955,"N6012",37.449085,1,7,""
"G","Lamprophiidae","Boaedon","N2314",21.2037750060001,"N2315",15.647999966,1,6,""
"G","Colubridae","Bogertophis","N312",9.09879673153,"N334",6.282669712,1,2,""
"G","Colubridae","Boiga","N433",14.8730616732,"N434",12.511050197,1,33,""
"G","Colubridae","Boiruna","N928",3.50440930680008,"N929",1.069336624,1,2,""
"G","Colubridae","Borikenophis","N1087",7.42261685160003,"N1106",1.2824269178,1,3,""
"G","Viperidae","Bothriechis","N2629",23.636890322,"N2630",20.422608146,1,10,""
"G","Pythonidae","Bothrochilus","N2947",9.42097521009998,"N2948",6.2021500826,1,5,""
"G","Viperidae","Bothrocophias","N2639",21.438884336,"N2659",17.548302344,1,6,""
"G","Lamprophiidae","Bothrophthalmus","N2334",18.7181804580001,"N2336",1.755161784,1,2,""
"G","Viperidae","Bothrops","N2639",21.438884336,"N2659",17.5483031,1,44,""
"G","Iguanidae","Brachylophus","N3989",28.451829024,"N3990",23.340055712,1,3,""
"G","Scincidae","Brachymeles","N6414",81.416456,"N7936",58.4433468162,1,36,""
"G","Homalopsidae","Brachyorrhos","N2501",22.395356866,"N2502",19.302541872,1,4,""
"G","Elapidae","Brachyurophis","N2046",19.7448230195,"N2062",19.4770590962,1,7,""
"G","Chamaeleonidae","Bradypodion","N5237",31.8115475309,"N5239",8.894687388,1,17,""
"G","Scincidae","Brasiliscincus","N7023",14.1745758233,"N7024",4.121427577,1,3,""
"G","Agamidae","Bronchocela","N4778",17.981771934,"N4785",17.14148369,1,10,""
"G","Chamaeleonidae","Brookesia","N5258",68.6660846914,"N5260",41.7789732761,1,30,""
"G","Lamprophiidae","Buhoma","N2196",35.663428,"N2267",30.698810387,1,3,""
"G","Elapidae","Bungarus","N1939",26.4017659718001,"N1940",22.374185363,1,13,""
"G","Gekkonidae","Bunopus","N8542",29.1748669083,"N8543",19.7954751035,1,4,""
"G","Elapidae","Cacophis","N2144",17.5470197052001,"N2145",8.59302855,1,4,""
"G","Cadeidae","Cadea","N5834",82.998372,"N6018",18.04619661,1,2,""
"G","Colubridae","Calamaria","N761",10.5034845802,"N777",10.18480294096,1,61,""
"G","Colubridae","Calamodontophis","N956",6.43320379204104,"N979",4.958282112,1,2,""
"G","Homalopsidae","Calamophis","N2520",8.75429141500001,"N2521",8.043200407,1,4,""
"G","Colubridae","Calamorhabdium","N771",5.64330601474001,"N776",3.808295069,1,2,""
"G","Scincidae","Caledoniscincus","N6472",11.79097679,"N6473",9.2389930457,1,14,""
"G","Elapidae","Calliophis","N1839",35.20531658,"N1842",31.7044943749,1,10,""
"G","Teiidae","Callopistes","N6268",39.02650361,"N6278",12.62035412,1,2,""
"G","Gekkonidae","Calodactylodes","N8951",72.34197578395,"N8952",15.26829735,1,2,""
"G","Agamidae","Calotes","N4819",46.995386991,"N4884",35.12694293,1,25,""
"G","Chamaeleonidae","Calumma","N5092",43.336765154,"N5110",36.532855369,1,32,""
"G","Gymnophthalmidae","Calyptommatus","N6230",17.828617375,"N6232",7.471777642,1,4,""
"G","Scincidae","Calyptotis","N7432",21.995594728011,"N7433",21.0592993233,1,5,""
"G","Boidae","Candoia","N3028",47.164026,"N3069",27.31954945,1,5,""
"G","Scincidae","Capitellum","N6912",9.79819121899999,"N6913",2.420472784,1,3,""
"G","Scincidae","Carlia","N6580",13.87130288476,"N6581",12.3337385686,1,44,""
"G","Colubridae","Carphophis","N1598",13.5328460830001,"N1600",3.951370025,1,2,""
"G","Viperidae","Causus","N2830",35.1852155977,"N2871",33.104785897,1,7,""
"G","Scincidae","Celatiscincus","N6496",10.678627165,"N6497",5.431924126,1,2,""
"G","Diploglossidae","Celestus","N5371",53.091307,"N5444",48.552602841,1,29,""
"G","Viperidae","Cerastes","N2825",33.8567414162,"N2827",13.709887027,1,4,""
"G","Agamidae","Ceratophora","N4811",25.973769634,"N4812",14.827065939,1,5,""
"G","Homalopsidae","Cerberus","N2533",12.0492383914,"N2534",10.0596734026,1,5,""
"G","Gymnophthalmidae","Cercosaura","N6075",14.4704377553301,"N6076",12.6712142047,1,13,""
"G","Viperidae","Cerrophidion","N2646",14.2035836716,"N2655",8.52449737,1,5,""
"G","Scincidae","Chalcides","N7781",59.099955079,"N7906",27.97775273,1,31,""
"G","Chamaeleonidae","Chamaeleo","N5219",31.9668259749,"N5220",26.82109705,1,14,""
"G","Lamprophiidae","Chamaelycus","N2308",11.5162857952,"N2309",6.191431576,1,4,""
"G","Cordylidae","Chamaesaura","N8009",28.5096580997,"N8015",16.470445773,1,5,""
"G","Boidae","Charina","N3074",28.80201064,"N3076",12.0594575,1,2,""
"G","Colubridae","Chersodromus","N1565",3.37320837560006,"N1566",2.573617185,1,2,""
"G","Boidae","Chilabothrus","N3040",18.325292746,"N3049",13.789205212,1,10,""
"G","Colubridae","Chilomeniscus","N174",10.3739312503,"N176",0.01308756904,1,2,""
"G","Atractaspididae","Chilorhinophis","N2344",9.57220556794007,"N2345",5.867326226,1,2,""
"G","Colubridae","Chionactis","N170",8.44802620860006,"N172",4.822376571,1,3,""
"G","Scincidae","Chioninia","N7001",41.9771900425,"N7002",17.083029607,1,8,""
"G","Amphisbaenidae","Chirindia","N5978",48.3011798671,"N5995",23.66994354,1,5,""
"G","Colubridae","Chironius","N62",15.7037122544,"N63",9.10302818,1,21,""
"G","Gekkonidae","Chondrodactylus","N9010",46.69721998195,"N9066",32.427471327,1,4,""
"G","Gekkonidae","Christinus","N8987",37.11619577095,"N8989",11.9024073,1,3,""
"G","Colubridae","Chrysopelea","N693",22.557104255,"N734",11.818613615,1,5,""
"G","Colubridae","Clelia","N928",3.50440930680008,"N930",2.5986611231,1,7,""
"G","Gekkonidae","Cnemaspis","N8135",84.681892,"N8136",80.07459825316,1,117,""
"G","Teiidae","Cnemidophorus","N6359",34.1619529606001,"N6368",24.0548110022,1,17,""
"G","Colubridae","Coelognathus","N253",18.11935193343,"N259",16.242684052,1,7,""
"G","Scincidae","Coeranoscincus","N7423",22.249973766811,"N7426",21.237408975,1,2,""
"G","Sphaerodactylidae","Coleodactylus","N9450",65.628686708,"N9457",47.81450443,1,5,""
"G","Eublepharidae","Coleonyx","N9499",79.369854878,"N9523",55.97341396,1,8,""
"G","Gymnophthalmidae","Colobodactylus","N6216",12.717297147,"N6220",4.722375276,1,2,""
"G","Gymnophthalmidae","Colobosauroides","N6155",15.3430616700001,"N6156",3.245118734,1,2,""
"G","Gekkonidae","Colopus","N9011",43.50164271295,"N9012",42.147114044,1,2,""
"G","Colubridae","Coluber","N23",27.946913,"N24",20.4767468985,1,14,""
"G","Pseudoxyrhophiidae","Compsophis","N2411",13.020348056,"N2412",12.488670482,1,7,""
"G","Scincidae","Concinnia","N7413",32.132089255011,"N7414",27.2101872609,1,8,""
"G","Lacertidae","Congolacerta","N5813",40.0458914631,"N5814",14.27726709,1,2,""
"G","Colubridae","Coniophanes","N1191",16.7822957261001,"N1192",15.1967255223,1,17,""
"G","Iguanidae","Conolophus","N4026",11.2531271441,"N4027",4.9318686626,1,3,""
"G","Colubridae","Conophis","N1184",14.180176706,"N1185",5.734409637,1,3,""
"G","Colubridae","Conopsis","N179",9.37979465320004,"N180",5.178549575,1,6,""
"G","Colubridae","Contia","N1598",13.5328460830001,"N1599",3.735165615,1,2,""
"G","Teiidae","Contomastix","N6384",35.5733942147001,"N6385",28.81570449,1,5,""
"G","Scincidae","Copeoglossum","N7016",15.2037303203,"N7017",14.165483566,1,5,""
"G","Scincidae","Cophoscincopus","N6549",10.26969658926,"N6550",4.64132288665,1,4,""
"G","Agamidae","Cophotis","N4816",19.216679584,"N4817",4.754426835,1,2,""
"G","Boidae","Corallus","N3031",23.243072321,"N3032",18.544375911,1,9,""
"G","Cordylidae","Cordylus","N8026",23.5237924318,"N8029",18.0171468231,1,21,""
"G","Colubridae","Coronella","N281",10.06478131643,"N282",8.734943888,1,3,""
"G","Diplodactylidae","Correlophus","N9630",24.1391978881,"N9631",21.68378517,1,3,""
"G","Agamidae","Coryphophylax","N4801",10.938374074,"N4803",1.21858074,1,2,""
"G","Corytophanidae","Corytophanes","N4460",30.190849933,"N4462",20.139455576,1,3,""
"G","Gekkonidae","Crossobamon","N8545",13.7665482593,"N8547",4.335999105,1,2,""
"G","Viperidae","Crotalus","N2722",17.0622654915,"N2724",16.6264137233,1,39,""
"G","Colubridae","Crotaphopeltis","N480",9.1745501101,"N481",7.32740414,1,6,""
"G","Crotaphytidae","Crotaphytus","N4052",32.426025,"N4053",17.673741,1,9,""
"G","Scincidae","Cryptoblepharus","N6674",23.28929061546,"N6675",17.820894302,1,53,""
"G","Elapidae","Cryptophis","N2137",11.2071041237,"N2138",7.1728915707,1,5,""
"G","Agamidae","Ctenophorus","N4988",35.118876871,"N4989",31.514729436,1,28,""
"G","Iguanidae","Ctenosaura","N4008",11.806533604,"N4009",9.4488907745,1,18,""
"G","Scincidae","Ctenotus","N7481",34.150721637381,"N7575",26.127250581,1,101,""
"G","Colubridae","Cubophis","N1093",6.51875887228002,"N1094",2.5121186233,1,5,""
"G","Cyclocoridae","Cyclocorus","N2249",11.4346526376,"N2250",1.878631629,1,2,""
"G","Scincidae","Cyclodomorphus","N7110",29.270517482,"N7111",29.1083418505,1,8,""
"G","Colubridae","Cyclophiops","N27",18.7316925998,"N28",12.3740706685,1,6,""
"G","Iguanidae","Cyclura","N3992",21.1447686,"N3993",11.1021038805,1,9,""
"G","Cylindrophiidae","Cylindrophis","N2959",40.665082,"N3013",26.067050849,1,10,""
"G","Amphisbaenidae","Cynisca","N5978",48.3011798671,"N5979",35.536806867,1,17,""
"G","Gekkonidae","Cyrtodactylus","N8141",60.354495543,"N8273",57.320220561,1,196,""
"G","Gekkonidae","Cyrtopodion","N8139",69.703504,"N8140",65.863526424,1,28,""
"G","Viperidae","Daboia","N2842",23.3981490007,"N2843",17.72276858,1,5,""
"G","Amphisbaenidae","Dalophia","N5862",16.6734782641,"N5863",10.39668064,1,6,""
"G","Lacertidae","Darevskia","N5577",20.8526957304,"N5579",14.6379029114,1,32,""
"G","Scincidae","Dasia","N6911",38.647573729,"N6915",28.191339041,1,9,""
"G","Colubridae","Dasypeltis","N416",15.5498267576,"N417",9.0479773349,1,12,""
"G","Pygopodidae","Delma","N9664",22.3183945741,"N9666",18.47137668,1,21,""
"G","Elapidae","Demansia","N2091",14.4005650915001,"N2092",10.2743629938,1,13,""
"G","Colubridae","Dendrelaphis","N693",22.557104255,"N694",21.23674761,1,41,""
"G","Elapidae","Dendroaspis","N2187",20.0034376844001,"N2190",9.015949212,1,4,""
"G","Colubridae","Dendrophidion","N42",9.94219124360001,"N46",9.6752708158,1,15,""
"G","Elapidae","Denisonia","N2142",11.9682943737,"N2143",4.870636939,1,2,""
"G","Colubridae","Diaphorolepis","N1583",7.15742215420005,"N1584",3.792500247,1,2,""
"G","Dibamidae","Dibamus","N2",194.431664,"N9733",194.43143925,1,22,""
"G","Teiidae","Dicrodon","N6279",55.2072915,"N6280",16.20555363,1,3,""
"G","Diplodactylidae","Dierogekko","N9630",24.1391978881,"N9633",16.414119909,1,8,""
"G","Lacertidae","Dinarolacerta","N5617",20.2827430686,"N5618",5.819935518,1,2,""
"G","Diplodactylidae","Diplodactylus","N9555",39.2419944321,"N9572",27.0335087456,1,20,""
"G","Diploglossidae","Diploglossus","N5371",53.091307,"N5444",48.552598185,1,17,""
"G","Leiosauridae","Diplolaemus","N3850",7.70978902290003,"N3851",3.848184536,1,4,""
"G","Agamidae","Diporiphora","N5020",28.971741464,"N5021",26.4437286018,1,22,""
"G","Colubridae","Dipsadoboa","N479",13.1792944081,"N493",11.52837964,1,10,""
"G","Colubridae","Dipsas","N1500",11.7358854236001,"N1513",11.3697889154,1,36,""
"G","Gekkonidae","Dixonius","N8792",37.677073874,"N8797",15.38675936,1,5,""
"G","Colubridae","Dolichophis","N514",10.6037005305,"N541",5.956416642,1,3,""
"G","Anguidae","Dopasia","N5428",17.5843290484,"N5429",16.91308617,1,7,""
"G","Teiidae","Dracaena","N6276",7.70508852700004,"N6277",5.983877995,1,2,""
"G","Agamidae","Draco","N4908",46.199165819,"N4922",27.0342980198,1,41,""
"G","Pseudoxyrhophiidae","Dromicodryas","N2456",24.2734788488,"N2457",9.666070977,1,2,""
"G","Colubridae","Drymarchon","N195",15.4762894272,"N196",11.540815113,1,5,""
"G","Colubridae","Drymobius","N42",9.94219124360001,"N43",8.8171816533,1,4,""
"G","Colubridae","Drymoluber","N202",10.7255297813,"N203",7.773285634,1,3,""
"G","Colubridae","Dryocalamus","N342",11.3200104169,"N343",10.723692519,1,6,""
"G","Colubridae","Dryophiops","N407",4.85034279199996,"N408",3.424058214,1,2,""
"G","Elapidae","Drysdalia","N1974",11.5106354931,"N1983",6.807248428,1,3,""
"G","Pseudoxyrhophiidae","Duberria","N2419",21.031354432,"N2420",9.37978594,1,4,""
"G","Gekkonidae","Ebenavia","N8961",65.45307116395,"N8979",29.05658559,1,2,""
"G","Colubridae","Echinanthera","N1044",9.81278304280008,"N1046",9.20397808,1,6,""
"G","Gymnophthalmidae","Echinosaura","N6142",16.825457037,"N6143",8.56020795481,1,6,""
"G","Viperidae","Echis","N2814",33.9673537274,"N2815",20.594391203,1,11,""
"G","Scincidae","Egernia","N7111",29.1083177459,"N7112",24.897102618,1,17,""
"G","Colubridae","Eirenis","N515",9.35143043649998,"N516",7.0549498437,1,19,""
"G","Colubridae","Elaphe","N284",12.48138648003,"N285",10.48175943,1,11,""
"G","Elapidae","Elapognathus","N2126",12.1433179339001,"N2127",3.12183112,1,2,""
"G","Colubridae","Elapomorphus","N996",10.9233864840001,"N1026",5.274146264,1,3,""
"G","Elapidae","Elapsoidea","N1952",25.6073066707001,"N1953",15.75415323,1,10,""
"G","Gekkonidae","Elasmodactylus","N9001",53.22376188695,"N9008",51.66506901,1,2,""
"G","Anguidae","Elgaria","N5373",27.446463747,"N5374",19.1951271666,1,7,""
"G","Colubridae","Emmochliophis","N1288",8.36512716920006,"N1289",6.380820525,1,2,""
"G","Scincidae","Emoia","N6418",42.012648,"N6419",31.4850947196,1,78,""
"G","Elapidae","Emydocephalus","N2035",8.34087357060005,"N2043",2.622928137,1,3,""
"G","Homalopsidae","Enhydris","N2507",14.5800651968,"N2510",11.151225096,1,6,""
"G","Colubridae","Enulius","N1237",10.7178355631001,"N1238",10.401050035,1,4,""
"G","Hoplocercidae","Enyalioides","N4031",25.2039542,"N4032",18.604374668,1,12,""
"G","Leiosauridae","Enyalius","N3825",19.725321765,"N3826",18.490212381,1,10,""
"G","Leptotyphlopidae","Epacrophis","N3469",17.477538896,"N3472",1.5903909881,1,3,""
"G","Boidae","Epicrates","N3041",15.776119948,"N3045",8.152212474,1,5,""
"G","Leptotyphlopidae","Epictia","N3475",35.667754373,"N3479",33.809593061,1,27,""
"G","Lacertidae","Eremias","N5710",45.8449399799,"N5774",33.0125218466,1,35,""
"G","Scincidae","Eremiascincus","N7459",29.692302616581,"N7468",18.764408886,1,14,""
"G","Colubridae","Erythrolamprus","N1125",13.4017166452,"N1126",8.2945438631,1,48,""
"G","Boidae","Eryx","N3029",42.314912,"N3058",35.131269338,1,12,""
"G","Eublepharidae","Eublepharis","N9515",61.088479317,"N9519",30.7586787426,1,5,""
"G","Scincidae","Eugongylus","N6420",31.256874979,"N6421",9.365456602,1,5,""
"G","Scincidae","Eulamprus","N7443",29.646206593581,"N7444",13.2332115841,1,5,""
"G","Scincidae","Eumeces","N7700",53.310779276,"N7701",24.983785314,1,5,""
"G","Scincidae","Eumecia","N7009",17.9612497325,"N7010",1.962241836,1,2,""
"G","Boidae","Eunectes","N3041",15.776119948,"N3042",8.575550782,1,4,""
"G","Colubridae","Euprepiophis","N265",16.26574016003,"N266",10.17595768,1,3,""
"G","Tropiduridae","Eurolophosaurus","N3963",23.705965876,"N3986",17.80863194,1,3,""
"G","Diplodactylidae","Eurydactylodes","N9645",15.5179085505,"N9646",13.087215005,1,4,""
"G","Scincidae","Eurylepis","N7700",53.310779276,"N7710",8.351040803,1,2,""
"G","Gymnophthalmidae","Euspondylus","N6061",16.3476472703001,"N6114",14.16381302,1,12,""
"G","Colubridae","Eutrachelophis","N920",4.52449107160007,"N923",1.163337148,1,2,""
"G","Scincidae","Eutropis","N6895",62.188706667,"N6909",54.328581933,1,31,""
"G","Colubridae","Farancia","N1596",21.6592650224001,"N1597",11.23880007,1,2,""
"G","Scincidae","Feylinia","N7830",8.83934194930001,"N7831",8.4522275544,1,5,""
"G","Colubridae","Ficimia","N185",7.63596632120004,"N189",7.3125245583,1,7,""
"G","Xenodermidae","Fimbrios","N2904",12.388736262,"N2905",6.14359203,1,2,""
"G","Chamaeleonidae","Furcifer","N5111",35.341893433,"N5112",31.515049851,1,22,""
"G","Elapidae","Furina","N2086",17.9826868245001,"N2087",14.8585674994,1,5,""
"G","Lacertidae","Gallotia","N5820",27.4747738,"N5825",16.823912438,1,8,""
"G","Crotaphytidae","Gambelia","N4052",32.426025,"N4061",8.555432,1,3,""
"G","Phyllodactylidae","Garthia","N9198",65.054772561,"N9260",51.12499514,1,2,""
"G","Lacertidae","Gastropholis","N5815",36.2933144621,"N5816",15.20643503,1,4,""
"G","Gekkonidae","Geckolepis","N9070",45.68328898595,"N9071",24.9938035,1,3,""
"G","Gekkonidae","Gehyra","N8725",57.571651397,"N8740",44.548012595,1,41,""
"G","Gekkonidae","Gekko","N8616",70.260974979,"N8617",58.213764544,1,51,""
"G","Amphisbaenidae","Geocalamus","N5839",37.1503270701,"N5840",2.150447639,1,2,""
"G","Scincidae","Geomyersia","N6821",9.37030636899999,"N6822",5.460955395,1,2,""
"G","Colubridae","Geophis","N1292",15.9492998838001,"N1293",15.425878162,1,49,""
"G","Anguidae","Gerrhonotus","N5380",24.450116686,"N5419",15.3185443886,1,6,""
"G","Gerrhopilidae","Gerrhopilus","N3396",63.914357743,"N3397",60.825012126,1,17,""
"G","Gerrhosauridae","Gerrhosaurus","N8084",30.796114151,"N8086",27.71917162,1,7,""
"G","Scincidae","Glaphyromorphus","N7442",31.105900558581,"N7449",29.1236044,1,11,""
"G","Viperidae","Gloydius","N2614",22.6228094854,"N2616",12.027946115,1,13,""
"G","Gekkonidae","Goggia","N8993",60.05333347495,"N8994",21.215916947,1,8,""
"G","Sphaerodactylidae","Gonatodes","N9402",71.545745889,"N9420",47.839318656,1,31,""
"G","Colubridae","Gongylosoma","N338",14.510230228,"N411",6.995081353,1,5,""
"G","Lamprophiidae","Gonionotophis","N2291",26.9743391570001,"N2292",17.569218122,1,15,""
"G","Eublepharidae","Goniurosaurus","N9500",69.429315793,"N9501",54.809970347,1,15,""
"G","Agamidae","Gonocephalus","N4770",58.138914689,"N4771",49.627877125,1,17,""
"G","Colubridae","Gonyosoma","N253",18.11935193343,"N254",13.356896757,1,6,""
"G","Colubridae","Grayia","N745",31.733193,"N837",20.176863383,1,4,""
"G","Colubridae","Gyalopion","N177",9.87030336360004,"N178",0.08503664028,1,2,""
"G","Homalopsidae","Gyiophis","N2508",8.19160271580003,"N2509",2.500874925,1,2,""
"G","Phyllodactylidae","Gymnodactylus","N9190",50.024348323,"N9194",25.159117838,1,5,""
"G","Gymnophthalmidae","Gymnophthalmus","N6223",19.978188638,"N6224",14.28497348,1,7,""
"G","Phyllodactylidae","Haemodracon","N9273",56.5210858637,"N9274",11.97507151,1,2,""
"G","Colubridae","Hapsidophrys","N598",13.9333077542,"N599",10.56538495,1,3,""
"G","Agamidae","Harpesaurus","N4911",26.004853521,"N4912",8.2635544703,1,5,""
"G","Colubridae","Hebius","N1614",31.244933897,"N1615",27.448142116,1,40,""
"G","Colubridae","Helicops","N879",10.2613356560001,"N884",8.6084378986,1,16,""
"G","Lacertidae","Heliobolus","N5652",28.5862006612,"N5658",14.487049768,1,4,""
"G","Anomalepididae","Helminthophis","N3118",54.298465992,"N3119",39.22333104,1,3,""
"G","Helodermatidae","Heloderma","N5369",94.811183,"N5499",18.763581,1,2,""
"G","Elapidae","Hemiaspis","N1985",14.6881169796,"N2045",12.48571279,1,2,""
"G","Cordylidae","Hemicordylus","N8027",19.9103629758,"N8028",9.799936485,1,2,""
"G","Gekkonidae","Hemidactylus","N8141",60.354495543,"N8142",60.14161474,1,132,""
"G","Scincidae","Hemiergis","N7460",24.779665078581,"N7461",21.550450976,1,7,""
"G","Gekkonidae","Hemiphyllodactylus","N8725",57.571651397,"N8726",41.320364501,1,15,""
"G","Psammophiidae","Hemirhagerrhis","N2241",16.7223650356,"N2246",12.29326142,1,4,""
"G","Eublepharidae","Hemitheconyx","N9516",46.004259547,"N9518",38.05537906,1,2,""
"G","Colubridae","Hemorrhois","N544",13.1213912851,"N571",8.921661157,1,4,""
"G","Colubridae","Herpetoreas","N1613",34.613207129,"N1658",17.559379528,1,3,""
"G","Gymnophthalmidae","Heterodactylus","N6217",8.09443848400005,"N6218",6.548843252,1,3,""
"G","Colubridae","Heterodon","N1590",24.4935192810001,"N1591",21.530590588,1,5,""
"G","Pseudoxyrhophiidae","Heteroliodon","N2438",19.3253817824001,"N2439",11.6797741216,1,3,""
"G","Gekkonidae","Heteronotia","N8792",37.677073874,"N8793",8.2746487367,1,5,""
"G","Colubridae","Hierophis","N513",13.9264414495,"N514",10.6037102714,1,4,""
"G","Lacertidae","Holaspis","N5815",36.2933144621,"N5819",20.36648889,1,2,""
"G","Phrynosomatidae","Holbrookia","N4636",15.707033856,"N4637",13.851514592,1,5,""
"G","Teiidae","Holcosus","N6285",46.962061767,"N6286",37.11124114,1,10,""
"G","Eublepharidae","Holodactylus","N9516",46.004259547,"N9517",19.52020058,1,2,""
"G","Cyclocoridae","Hologerrhum","N1830",6.8640857451,"N1831",1.579800362,1,2,""
"G","Homalopsidae","Homalophis","N2498",10.64523284,"N2499",1.923915826,1,2,""
"G","Homalopsidae","Homalopsis","N2533",12.0492383914,"N2538",7.917740856,1,5,""
"G","Phyllodactylidae","Homonota","N9199",57.146700993,"N9251",28.0965025439,1,10,""
"G","Gekkonidae","Homopholis","N9073",38.42580195995,"N9074",26.39839931,1,4,""
"G","Atractaspididae","Homoroselaps","N2383",10.087149438,"N2384",2.074678169,1,2,""
"G","Elapidae","Hoplocephalus","N1977",4.74410227510003,"N1978",4.398234995,1,3,""
"G","Diplodactylidae","Hoplodactylus","N9619",18.292236431,"N9622",2.952788594,1,2,""
"G","Colubridae","Hydrablabes","N1829",11.3046323791,"N1833",4.153860201,1,2,""
"G","Colubridae","Hydraethiops","N1834",3.15644464610003,"N1835",0.739029336,1,2,""
"G","Colubridae","Hydrodynastes","N988",14.9158565925001,"N990",3.97750014567,1,3,""
"G","Colubridae","Hydromorphus","N1288",8.36512716920006,"N1290",1.828936613,1,2,""
"G","Elapidae","Hydrophis","N1989",9.91697740980007,"N1990",9.1643743201,1,46,""
"G","Colubridae","Hydrops","N880",8.62720037700009,"N882",7.611953861,1,3,""
"G","Agamidae","Hydrosaurus","N4963",82.356763,"N5063",9.267861,1,3,""
"G","Viperidae","Hypnale","N2558",27.2374826565,"N2559",19.199778621,1,3,""
"G","Colubridae","Hypsiglena","N1269",13.4749758751001,"N1270",10.335593461,1,7,""
"G","Agamidae","Hypsilurus","N4965",39.92176238,"N4966",39.182462485,1,20,""
"G","Colubridae","Hypsirhynchus","N1088",7.41256018790003,"N1099",6.272654743,1,8,""
"G","Homalopsidae","Hypsiscopus","N2505",20.323855338,"N2516",15.09406482,1,2,""
"G","Colubridae","Ialtris","N1089",7.32232808028002,"N1090",5.906052067,1,4,""
"G","Lacertidae","Iberolacerta","N5569",25.2075679974,"N5570",13.850033839,1,8,""
"G","Lacertidae","Ichnotropis","N5678",37.0764361436,"N5686",21.798392658,1,6,""
"G","Iguanidae","Iguana","N4002",10.993619551,"N4007",6.178722416,1,2,""
"G","Colubridae","Imantodes","N1234",17.6433148882001,"N1250",14.18301665659,1,7,""
"G","Typhlopidae","Indotyphlops","N3141",30.7116226584001,"N3216",28.052528186,1,24,""
"G","Scincidae","Insulasaurus","N7371",36.174835672011,"N7372",24.666151401,1,4,""
"G","Lacertidae","Iranolacerta","N5577",20.8526957304,"N5578",11.63335159,1,2,""
"G","Scincidae","Isopachys","N7180",45.298273154711,"N7181",39.758653286,1,4,""
"G","Pseudoxyrhophiidae","Ithycyphus","N2469",17.9683091766,"N2470",10.810625872,1,5,""
"G","Scincidae","Janetaescincus","N7779",16.895111982,"N7780",6.170129105,1,2,""
"G","Agamidae","Japalura","N4769",72.035467109,"N4770",58.1389247684,1,28,""
"G","Scincidae","Kaestlea","N7158",37.599234355011,"N7159",24.018173115,1,5,""
"G","Scincidae","Kanakysaurus","N6489",10.6505397493,"N6491",1.079722644,1,2,""
"G","Cordylidae","Karusasaurus","N8019",26.6668695734,"N8020",11.37100327,1,2,""
"G","Teiidae","Kentropyx","N6359",34.1619529606001,"N6360",16.9307470786,1,9,""
"G","Chamaeleonidae","Kinyongia","N5160",34.3223843391,"N5201",30.608811458,1,18,""
"G","Lacertidae","Lacerta","N5621",28.0932508849,"N5625",17.270169382,1,9,""
"G","Scincidae","Lacertaspis","N6427",15.6501968654,"N6445",12.060508834,1,5,""
"G","Viperidae","Lachesis","N2709",21.9391303424,"N2713",7.425888379,1,4,""
"G","Corytophanidae","Laemanctus","N4460",30.190849933,"N4461",13.19131568,1,2,""
"G","Scincidae","Lamprolepis","N6416",75.714954,"N6417",67.77146202734,1,4,""
"G","Colubridae","Lampropeltis","N313",7.01943663252999,"N314",6.63828941,1,21,""
"G","Lamprophiidae","Lamprophis","N2320",18.3125231270001,"N2328",17.049895747,1,7,""
"G","Scincidae","Lampropholis","N6564",17.80999882776,"N6565",17.18588942,1,11,""
"G","Pseudoxyrhophiidae","Langaha","N2469",17.9683091766,"N2474",13.57688966,1,3,""
"G","Scincidae","Lankascincus","N6896",57.882797143,"N6900",45.719904033,1,10,""
"G","Scincidae","Larutia","N7188",52.259413800711,"N7189",27.973265415,1,8,""
"G","Lacertidae","Latastia","N5641",30.6562116561,"N5642",25.98030639,1,10,""
"G","Elapidae","Laticauda","N1962",22.2508862697001,"N1963",14.27780634022,1,8,""
"G","Agamidae","Laudakia","N4677",30.237097391,"N4686",22.877996564,1,10,""
"G","Leiocephalidae","Leiocephalus","N4458",51.902666,"N4467",24.155538714,1,29,""
"G","Pseudoxyrhophiidae","Leioheterodon","N2464",27.67783869,"N2465",18.493699091,1,3,""
"G","Agamidae","Leiolepis","N4644",97.752051,"N5065",30.71851053,1,9,""
"G","Scincidae","Leiolopisma","N6821",9.37030636899999,"N6823",3.737055039,1,5,""
"G","Pythonidae","Leiopython","N2931",11.815252781,"N2957",9.589511782,1,2,""
"G","Leiosauridae","Leiosaurus","N3842",12.532221622,"N3843",10.9284657,1,4,""
"G","Typhlopidae","Lemuriatyphlops","N3213",7.44713837310007,"N3214",2.937286934,1,3,""
"G","Sphaerodactylidae","Lepidoblepharis","N9402",71.545745889,"N9403",53.18041357,1,18,""
"G","Gekkonidae","Lepidodactylus","N8616",70.260974979,"N8617",58.213764544,1,32,""
"G","Xantusiidae","Lepidophyma","N8100",48.948136,"N8101",9.689258071,1,19,""
"G","Scincidae","Lepidothyris","N6837",17.06196013566,"N6863",6.024229066,1,3,""
"G","Gymnophthalmidae","Leposoma","N6152",34.560531826,"N6153",32.437159731,1,17,""
"G","Colubridae","Leptodeira","N1251",14.1331183426101,"N1256",12.631136135,1,11,""
"G","Colubridae","Leptophis","N83",15.2669167358,"N87",11.82320473,1,11,""
"G","Scincidae","Leptoseps","N7378",38.248463031011,"N7409",9.806710645,1,2,""
"G","Scincidae","Leptosiaphos","N6427",15.6501968654,"N6428",10.2630863378,1,18,""
"G","Leptotyphlopidae","Leptotyphlops","N3435",47.952886698,"N3440",33.974472463,1,23,""
"G","Scincidae","Lerista","N7481",34.150721637381,"N7482",23.807601084,1,94,""
"G","Typhlopidae","Letheobia","N3301",24.5047646546001,"N3307",21.090930768,1,28,""
"G","Pygopodidae","Lialis","N9664",22.3183945741,"N9665",3.265007369,1,2,""
"G","Pythonidae","Liasis","N2952",9.85879210659999,"N2953",7.372595551,1,4,""
"G","Scincidae","Liburnascincus","N6577",14.66382561726,"N6578",10.45476428,1,3,""
"G","Boidae","Lichanura","N3074",28.80201064,"N3075",7.804207517,1,2,""
"G","Colubridae","Limnophis","N1830",6.8640857451,"N1832",2.839121742,1,2,""
"G","Liolaemidae","Liolaemus","N3537",36.764071049,"N3579",22.9522384726,1,245,""
"G","Colubridae","Liopeltis","N486",8.59031756979999,"N487",8.3583481673,1,6,""
"G","Pseudoxyrhophiidae","Liophidium","N2424",21.5837304688,"N2447",14.789084234,1,10,""
"G","Pseudoxyrhophiidae","Liopholidophis","N2427",18.1933970968001,"N2428",15.640487995,1,8,""
"G","Scincidae","Liopholis","N7146",30.4504016568,"N7147",25.1958663,1,11,""
"G","Scincidae","Lioscincus","N6453",19.18770824,"N6454",17.017713496,1,7,""
"G","Anomalepididae","Liotyphlops","N3116",79.88426515,"N3124",69.916148014,1,10,""
"G","Scincidae","Lipinia","N7298",47.970689970011,"N7299",45.8450821116,1,28,""
"G","Scincidae","Lissolepis","N7108",34.17222817,"N7109",31.3737374026,1,2,""
"G","Scincidae","Lobulia","N6658",13.65078335626,"N6663",12.41443989,1,6,""
"G","Agamidae","Lophognathus","N4988",35.118876871,"N5016",33.481904688,1,5,""
"G","Amphisbaenidae","Loveridgea","N5870",10.0129667701,"N5871",1.523672582,1,2,""
"G","Diplodactylidae","Lucasium","N9556",34.7322933051,"N9562",31.239016576,1,11,""
"G","Gekkonidae","Luperosaurus","N8616",70.260974979,"N8617",58.2137768172,1,13,""
"G","Colubridae","Lycodon","N339",14.3866180522,"N340",13.4193265,1,51,""
"G","Lamprophiidae","Lycodonomorphus","N2320",18.3125231270001,"N2321",16.10775931,1,8,""
"G","Pseudoxyrhophiidae","Lycodryas","N2477",23.105105789,"N2478",19.209323508,1,10,""
"G","Lamprophiidae","Lycophidion","N2270",31.8410348630001,"N2271",17.997671314,1,20,""
"G","Scincidae","Lygisaurus","N6582",12.27183923786,"N6583",10.478889245,1,13,""
"G","Gekkonidae","Lygodactylus","N8855",64.65472583485,"N8856",53.357076536,1,62,""
"G","Colubridae","Lygophis","N1117",14.1531136849,"N1118",10.7893338687,1,8,""
"G","Scincidae","Lygosoma","N6829",28.29875192066,"N6830",25.147934714,1,31,""
"G","Colubridae","Lytorhynchus","N507",11.7275655492,"N508",6.981376978,1,6,""
"G","Scincidae","Mabuya","N7046",9.62227432400007,"N7047",5.464714232,1,8,""
"G","Colubridae","Macrocalamus","N763",5.35046963153002,"N764",2.6230094045,1,7,""
"G","Gymnophthalmidae","Macropholidus","N6127",9.41799686900004,"N6133",6.865460872,1,4,""
"G","Colubridae","Macropisthodon","N1699",10.77658569,"N1700",9.319321799,1,4,""
"G","Colubridae","Macroprotodon","N580",7.46310042460001,"N581",7.0146177051,1,4,""
"G","Viperidae","Macrovipera","N2833",13.4621801097,"N2841",3.753222842,1,2,""
"G","Pseudoxyrhophiidae","Madagascarophis","N2476",26.278023516,"N2490",11.982636433,1,4,""
"G","Scincidae","Madascincus","N7844",44.562685038,"N7845",39.776494568,1,10,""
"G","Typhlopidae","Madatyphlops","N3138",34.1011920000001,"N3262",31.013136363,1,13,""
"G","Colubridae","Magliophis","N1086",8.37479929130004,"N1108",1.646587011,1,2,""
"G","Pythonidae","Malayopython","N2929",12.916654115,"N2930",7.822496076,1,2,""
"G","Typhlopidae","Malayotyphlops","N3140",31.5492472296001,"N3239",19.3343932179,1,9,""
"G","Psammophiidae","Malpolon","N2203",15.5659492239,"N2204",6.75021616,1,2,""
"G","Scincidae","Maracaiba","N7055",8.40106425800008,"N7056",1.392608193,1,2,""
"G","Scincidae","Marisora","N7054",11.4354522280001,"N7057",8.8453358483,1,7,""
"G","Scincidae","Marmorosphax","N6495",12.009971141,"N6500",6.234248159,1,5,""
"G","Colubridae","Mastigodryas","N201",11.6574074872,"N205",9.929337342,1,13,""
"G","Gekkonidae","Matoatoa","N8984",48.42444165895,"N8985",19.52143145,1,2,""
"G","Gerrhosauridae","Matobosaurus","N8084",30.796114151,"N8085",17.05966325,1,2,""
"G","Gekkonidae","Mediodactylus","N8502",46.4669678923,"N8504",43.241109502,1,13,""
"G","Colubridae","Meizodon","N590",4.4560751802,"N591",3.9483316987,1,5,""
"G","Uropeltidae","Melanophidium","N2961",31.745660028,"N2962",7.7426026255,1,3,""
"G","Scincidae","Melanoseps","N7813",50.3737336893,"N7820",42.757766517,1,8,""
"G","Scincidae","Menetia","N6727",20.22165759646,"N6802",9.599810487,1,6,""
"G","Lacertidae","Meroles","N5678",37.0764361436,"N5679",27.801726233,1,8,""
"G","Lacertidae","Mesalina","N5719",40.9630996529,"N5761",20.8122183162,1,14,""
"G","Anguidae","Mesaspis","N5395",13.6879975603001,"N5400",10.596480907,1,6,""
"G","Amphisbaenidae","Mesobaena","N5999",27.2321181051,"N6000",9.916914528,1,2,""
"G","Scincidae","Mesoscincus","N7760",50.005932177,"N7771",20.25640468,1,3,""
"G","Gymnophthalmidae","Micrablepharus","N6235",19.656060381,"N6236",9.204838232,1,2,""
"G","Atractaspididae","Micrelaps","N1836",54.76195,"N2493",27.152404475,1,5,""
"G","Gekkonidae","Microgecko","N9106",72.53348377,"N9107",11.9512238,1,4,""
"G","Tropiduridae","Microlophus","N3929",33.467299114,"N3930",21.284034462,1,20,""
"G","Elapidae","Micrurus","N1854",21.1408541200001,"N1859",17.7939942618,1,79,""
"G","Leptotyphlopidae","Mitophis","N3465",27.925294046,"N3466",10.93402246,1,4,""
"G","Viperidae","Mixcoatlus","N2710",16.4827086644,"N2711",9.318131936,1,3,""
"G","Diplodactylidae","Mniarogekko","N9645",15.5179085505,"N9649",14.98316603,1,2,""
"G","Scincidae","Mochlus","N6850",11.70018191666,"N6851",10.062442032,1,13,""
"G","Diplodactylidae","Mokopirirakau","N9615",13.7118038396,"N9616",9.341546874,1,4,""
"G","Amphisbaenidae","Monopeltis","N5842",20.9893229401,"N5843",17.4412694205,1,20,""
"G","Viperidae","Montivipera","N2833",13.4621801097,"N2834",12.25311892,1,8,""
"G","Pythonidae","Morelia","N2933",9.59689509130001,"N2934",9.2280958548,1,4,""
"G","Scincidae","Morethia","N6544",23.74245012966,"N6545",21.2700585274,1,8,""
"G","Hoplocercidae","Morunasaurus","N4042",16.442077093,"N4044",14.4652746885,1,3,""
"G","Colubridae","Mussurana","N919",5.18630297740006,"N924",1.475864343,1,3,""
"G","Leptotyphlopidae","Myriopholis","N3415",57.654819548,"N3416",42.32940948,1,20,""
"G","Homalopsidae","Myron","N2545",12.5088317842,"N2546",4.981248088,1,3,""
"G","Homalopsidae","Myrrophis","N2506",15.514489909,"N2515",6.619195445,1,2,""
"G","Gekkonidae","Nactus","N8780",60.720553784,"N8781",24.592448126,1,12,""
"G","Chamaeleonidae","Nadzikambia","N5237",31.8115475309,"N5238",3.931468987,1,2,""
"G","Elapidae","Naja","N2151",17.7671207740001,"N2152",14.331764885,1,29,""
"G","Cordylidae","Namazonurus","N8019",26.6668695734,"N8021",22.812265271,1,5,""
"G","Leptotyphlopidae","Namibiana","N3435",47.952886698,"N3436",23.950273258,1,5,""
"G","Scincidae","Nannoscincus","N6454",17.017688237,"N6455",14.3026331,1,10,""
"G","Colubridae","Natriciteres","N1706",31.532290377,"N1708",24.64522963,1,5,""
"G","Colubridae","Natrix","N1765",20.5585889746,"N1766",19.546585968,1,3,""
"G","Diplodactylidae","Naultinus","N9606",17.573857841,"N9607",7.820774938,1,8,""
"G","Carphodactylidae","Nephrurus","N9723",25.706964757,"N9725",22.46069775,1,9,""
"G","Colubridae","Nerodia","N1809",12.9749567497,"N1810",8.955111046,1,10,""
"G","Scincidae","Nessia","N7865",41.058819188,"N7899",27.7118363576,1,8,""
"G","Gymnophthalmidae","Neusticurus","N6137",17.536253679,"N6138",12.697839179,1,5,""
"G","Colubridae","Ninia","N1480",14.7316486736001,"N1481",12.7300378673,1,10,""
"G","Scincidae","Niveoscincus","N6575",17.40674372346,"N6640",14.775025108,1,8,""
"G","Scincidae","Notoscincus","N7410",40.627523723011,"N7411",35.85516317,1,2,""
"G","Lacertidae","Nucras","N5640",35.6384539951,"N5667",30.07923779,1,10,""
"G","Diplodactylidae","Oedura","N9536",41.272800055,"N9591",35.465200052,1,10,""
"G","Colubridae","Oligodon","N23",27.946913,"N619",23.366802821,1,74,""
"G","Scincidae","Oligosoma","N6453",19.18770824,"N6504",10.761278237,1,41,""
"G","Lacertidae","Omanosaura","N5709",46.2192555837,"N5808",19.60074171,1,2,""
"G","Colubridae","Omoadiphas","N1237",10.7178355631001,"N1241",6.372490913,1,3,""
"G","Colubridae","Opheodrys","N97",5.67549732840001,"N100",4.869916922,1,2,""
"G","Diploglossidae","Ophiodes","N5446",22.761568692,"N5447",13.118581814,1,5,""
"G","Scincidae","Ophiomorus","N7760",50.005932177,"N7761",33.911182486,1,11,""
"G","Scincidae","Ophioscincus","N7423",22.249973766811,"N7426",21.237408975,1,3,""
"G","Anguidae","Ophisaurus","N5372",37.371942,"N5425",22.2477549066,1,6,""
"G","Lacertidae","Ophisops","N5711",42.7087998129,"N5712",32.697890349,1,8,""
"G","Colubridae","Opisthotropis","N1719",41.141001783,"N1720",39.39450344,1,22,""
"G","Opluridae","Oplurus","N3823",52.384917,"N3856",24.1476,1,6,""
"G","Colubridae","Orthriophis","N270",13.22400867463,"N271",10.49009331,1,4,""
"G","Agamidae","Otocryptis","N4881",13.5092349504,"N4882",13.09755559,1,3,""
"G","Viperidae","Ovophis","N2611",26.4904413004,"N2612",25.13866598,1,6,""
"G","Colubridae","Oxybelis","N83",15.2669167358,"N84",7.369425816,1,4,""
"G","Cyclocoridae","Oxyrhabdium","N2198",34.2625711889,"N2251",14.77921847,1,2,""
"G","Colubridae","Oxyrhopus","N900",10.1779993011001,"N901",8.1824106795,1,14,""
"G","Elapidae","Oxyuranus","N2073",13.1225618958,"N2074",6.134776681,1,3,""
"G","Gekkonidae","Pachydactylus","N9010",46.69721998195,"N9011",43.501662214,1,54,""
"G","Chamaeleonidae","Palleon","N5258",68.6660846914,"N5259",46.62651768,1,2,""
"G","Scincidae","Panaspis","N6807",17.411823558,"N6814",16.882273535,1,8,""
"G","Scincidae","Panopa","N7012",26.9659708845,"N7068",19.40425444,1,2,""
"G","Colubridae","Pantherophis","N296",9.99729906793002,"N297",6.981424676,1,9,""
"G","Scincidae","Papuascincus","N7344",25.231705259411,"N7345",16.036299777,1,3,""
"G","Scincidae","Paracontias","N7844",44.562685038,"N7854",33.7518003,1,12,""
"G","Gekkonidae","Paragehyra","N8981",63.08393278895,"N8982",31.41902029,1,2,""
"G","Agamidae","Paralaudakia","N4678",20.163103201,"N4679",16.535811767,1,8,""
"G","Elapidae","Parasuta","N2126",12.1433179339001,"N2128",9.2343330835,1,6,""
"G","Pareidae","Pareas","N2882",41.16296443,"N2883",37.498331735,1,11,""
"G","Gekkonidae","Paroedura","N8961",65.45307116395,"N8962",46.72379982,1,18,""
"G","Lacertidae","Parvilacerta","N5611",24.6762398806,"N5612",10.35143253,1,2,""
"G","Scincidae","Parvoscincus","N7385",27.232197341911,"N7386",22.508247096,1,24,""
"G","Lacertidae","Pedioplanis","N5692",34.4915978111,"N5696",26.453309105,1,13,""
"G","Gekkonidae","Perochirus","N8935",70.60157209575,"N8936",7.9031981455,1,3,""
"G","Gymnophthalmidae","Petracola","N6060",17.287644802,"N6125",13.89365265,1,3,""
"G","Phrynosomatidae","Petrosaurus","N4503",32.2163932712,"N4609",19.96047445,1,4,""
"G","Colubridae","Phalotris","N995",12.2948746490001,"N1028",8.664001671,1,15,""
"G","Gekkonidae","Phelsuma","N8803",67.23978735285,"N8804",37.811374095,1,52,""
"G","Lacertidae","Philochortus","N5652",28.5862006612,"N5653",26.08781656,1,6,""
"G","Colubridae","Philodryas","N855",19.455267473,"N856",11.0121055341,1,21,""
"G","Colubridae","Philothamnus","N598",13.9333077542,"N601",11.65755181,1,19,""
"G","Colubridae","Phimophis","N941",2.83297552010009,"N942",2.0892630512,1,3,""
"G","Pseudoxyrhophiidae","Phisalixella","N2477",23.105105789,"N2487",12.856559943,1,4,""
"G","Scincidae","Phoboscincus","N6492",9.98870151000003,"N6493",8.511071742,1,2,""
"G","Lacertidae","Phoenicolacerta","N5541",28.4369119939,"N5565",14.439845279,1,4,""
"G","Gymnophthalmidae","Pholidobolus","N6127",9.41799686900004,"N6128",8.1961838868,1,6,""
"G","Agamidae","Phoxophrys","N4773",42.232020005,"N4806",31.8978715437,1,5,""
"G","Agamidae","Phrynocephalus","N4648",37.93891828,"N4649",18.651891681,1,28,""
"G","Phrynosomatidae","Phrynosoma","N4612",25.76863786,"N4613",19.556905616,1,18,""
"G","Phyllodactylidae","Phyllodactylus","N9199",57.146700993,"N9200",42.353043409,1,52,""
"G","Phyllodactylidae","Phyllopezus","N9190",50.024348323,"N9191",35.148969503,1,4,""
"G","Colubridae","Phyllorhynchus","N221",14.5807407099,"N222",6.605225274,1,2,""
"G","Carphodactylidae","Phyllurus","N9705",37.321915035,"N9712",31.201775755,1,9,""
"G","Liolaemidae","Phymaturus","N3537",36.764071049,"N3538",16.4918572967,1,42,""
"G","Scincidae","Pinoyscincus","N7379",30.879346288011,"N7380",11.864088058,1,5,""
"G","Colubridae","Pituophis","N300",6.31994826273004,"N301",4.112995179,1,6,""
"G","Gymnophthalmidae","Placosoma","N6142",16.825457037,"N6148",7.390693436,1,3,""
"G","Colubridae","Plagiopholis","N1601",28.54405934,"N1602",24.076358252,1,5,""
"G","Colubridae","Platyceps","N545",11.5045143811,"N551",8.929138708,1,21,""
"G","Uropeltidae","Platyplectrurus","N2993",9.85475567900002,"N2994",4.01593918,1,2,""
"G","Cordylidae","Platysaurus","N7998",46.77861,"N8049",42.96418537,1,15,""
"G","Uropeltidae","Plectrurus","N2961",31.745660028,"N2964",11.348890201,1,4,""
"G","Scincidae","Plestiodon","N7712",50.403730257,"N7713",30.2492263963,1,47,""
"G","Tropiduridae","Plica","N3949",30.397797901,"N3950",29.2813623883,1,8,""
"G","Colubridae","Pliocercus","N1209",7.54228488310008,"N1210",7.107376236,1,3,""
"G","Lacertidae","Podarcis","N5513",36.892939494,"N5514",14.75409644,1,23,""
"G","Agamidae","Pogona","N5043",23.698665481,"N5044",14.992092497,1,8,""
"G","Atractaspididae","Polemon","N2360",19.25393228244,"N2371",12.1882974063,1,12,""
"G","Polychrotidae","Polychrus","N4030",50.335537,"N4046",24.405699151,1,7,""
"G","Viperidae","Porthidium","N2646",14.2035836716,"N2647",10.279467069,1,9,""
"G","Gymnophthalmidae","Potamites","N6074",14.4892324825001,"N6106",10.79650911,1,9,""
"G","Scincidae","Prasinohaema","N7339",31.396235655411,"N7340",14.682080948,1,5,""
"G","Leiosauridae","Pristidactylus","N3824",21.549034,"N3839",17.527666492,1,10,""
"G","Sphaerodactylidae","Pristurus","N9463",70.739283072,"N9464",49.787194894,1,25,""
"G","Scincidae","Proablepharus","N6658",13.65078335626,"N6659",6.789546115,1,5,""
"G","Gymnophthalmidae","Procellosaurinus","N6238",14.993845112,"N6239",5.445289672,1,2,""
"G","Gymnophthalmidae","Proctoporus","N6062",15.2483390893001,"N6063",10.444667578,1,12,""
"G","Scincidae","Proscelotes","N7785",38.240188613,"N7809",18.805347446,1,3,""
"G","Prosymnidae","Prosymna","N2197",34.838842,"N2252",30.126093476,1,16,""
"G","Viperidae","Protobothrops","N2611",26.4904413004,"N2766",18.441226015,1,14,""
"G","Lacertidae","Psammodromus","N5820",27.4747738,"N5821",20.71356551,1,5,""
"G","Pseudaspididae","Psammodynastes","N1840",30.240033718,"N1841",1.047079876,1,2,""
"G","Agamidae","Psammophilus","N4801",10.938374074,"N4802",3.238302801,1,2,""
"G","Psammophiidae","Psammophis","N2205",23.6369362226,"N2206",18.5591181421,1,34,""
"G","Psammophiidae","Psammophylax","N2241",16.7223650356,"N2242",12.466203569,1,5,""
"G","Colubridae","Pseudalsophis","N1061",10.735124892,"N1062",10.7127495289,1,6,""
"G","Elapidae","Pseudechis","N2047",18.8733328874,"N2054",15.921786387,1,9,""
"G","Scincidae","Pseudemoia","N6648",15.16018321726,"N6649",6.538356356,1,6,""
"G","Lacertidae","Pseuderemias","N5651",30.3306315062,"N5661",25.94195907,1,7,""
"G","Scincidae","Pseudoacontias","N7839",53.00119816,"N7840",41.60232477,1,4,""
"G","Colubridae","Pseudoboa","N927",5.11305483980007,"N936",4.965372339,1,6,""
"G","Lamprophiidae","Pseudoboodon","N2312",28.5789722880001,"N2337",7.439364865,1,4,""
"G","Agamidae","Pseudocalotes","N4834",32.765113914,"N4857",24.256698101,1,18,""
"G","Viperidae","Pseudocerastes","N2831",28.9674590137,"N2868",19.37283658,1,3,""
"G","Agamidae","Pseudocophotis","N4823",9.80720384300002,"N4824",2.253365557,1,2,""
"G","Cordylidae","Pseudocordylus","N8009",28.5096580997,"N8010",18.530030278,1,6,""
"G","Colubridae","Pseudoeryx","N880",8.62720037700009,"N881",6.273473385,1,2,""
"G","Gekkonidae","Pseudogekko","N8627",32.4103205918,"N8628",24.15324424,1,4,""
"G","Sphaerodactylidae","Pseudogonatodes","N9450",65.628686708,"N9451",47.43594162,1,7,""
"G","Elapidae","Pseudohaje","N2182",7.17941528800009,"N2183",2.28720251,1,2,""
"G","Elapidae","Pseudonaja","N2065",17.6744881003,"N2072",13.9107026745,1,9,""
"G","Colubridae","Pseudorabdion","N747",11.1757154167,"N748",9.6223581944,1,14,""
"G","Diplodactylidae","Pseudothecadactylus","N9623",54.37093485,"N9624",23.534517954,1,3,""
"G","Agamidae","Pseudotrapelus","N4764",20.928783114,"N4765",13.65610048,1,4,""
"G","Colubridae","Pseudoxenodon","N1601",28.54405934,"N1606",27.423758709,1,6,""
"G","Pseudoxyrhophiidae","Pseudoxyrhopus","N2424",21.5837304688,"N2425",19.8079239,1,11,""
"G","Colubridae","Pseustes","N237",12.9218347765,"N238",7.194412083,1,4,""
"G","Colubridae","Psomophis","N1057",20.113708644,"N1058",5.309952392,1,3,""
"G","Scincidae","Psychosaura","N7023",14.1745758233,"N7026",4.104079582,1,2,""
"G","Gekkonidae","Ptenopus","N8918",75.55177056085,"N8932",49.90023617,1,3,""
"G","Colubridae","Ptyas","N27",18.7316925998,"N28",12.374070668,1,8,""
"G","Alopoglossidae","Ptychoglossus","N6245",17.085133749,"N6246",16.133363068,1,15,""
"G","Gekkonidae","Ptychozoon","N8649",41.49053243,"N8650",36.1483916,1,8,""
"G","Agamidae","Ptyctolaemus","N4909",44.482059883,"N4921",26.75122371,1,2,""
"G","Phyllodactylidae","Ptyodactylus","N9264",67.3577962737,"N9265",30.58463585,1,9,""
"G","Scincidae","Pygmaeascincus","N6637",10.90299755776,"N6638",6.360435187,1,3,""
"G","Scincidae","Pygomeles","N7897",24.3974878631,"N7898",7.462556918,1,2,""
"G","Pygopodidae","Pygopus","N9687",14.4698522998,"N9688",11.330025317,1,5,""
"G","Pythonidae","Python","N2919",17.52169124,"N2920",12.47631452,1,10,""
"G","Sphaerodactylidae","Quedenfeldtia","N9489",60.10588605,"N9490",15.12162746,1,2,""
"G","Typhlopidae","Ramphotyphlops","N3142",26.8668529904001,"N3143",22.573287845,1,21,""
"G","Colubridae","Regina","N1770",24.7225642391,"N1771",18.4200024134,1,4,""
"G","Leptotyphlopidae","Rena","N3505",29.273513422,"N3506",24.37634213,1,9,""
"G","Colubridae","Rhabdophis","N1661",35.64364943,"N1662",31.57677097,1,21,""
"G","Colubridae","Rhabdops","N773",3.08474070174,"N774",1.57175377,1,2,""
"G","Diplodactylidae","Rhacodactylus","N9640",25.4639777195,"N9641",22.965538724,1,4,""
"G","Colubridae","Rhadinaea","N1208",14.0811008881001,"N1213",12.739088619,1,21,""
"G","Colubridae","Rhadinella","N1188",21.7371929242001,"N1567",19.3148241018,1,15,""
"G","Colubridae","Rhamnophis","N576",3.98379021660003,"N577",2.270587813,1,2,""
"G","Psammophiidae","Rhamphiophis","N2200",18.1300865349,"N2201",15.78458113,1,3,""
"G","Chamaeleonidae","Rhampholeon","N5092",43.336765154,"N5093",36.50434049,1,18,""
"G","Colubridae","Rhinobothryum","N200",13.7696049972,"N217",6.908805579,1,2,""
"G","Gekkonidae","Rhinogecko","N8502",46.4669678923,"N8503",7.50959595,1,2,""
"G","Leptotyphlopidae","Rhinoleptus","N3414",61.868378356,"N3462",1.550844902,1,2,""
"G","Uropeltidae","Rhinophis","N2991",30.456977275,"N2995",25.86476053,1,16,""
"G","Typhlopidae","Rhinotyphlops","N3301",24.5047646546001,"N3302",22.585258193,1,6,""
"G","Gekkonidae","Rhoptropus","N9001",53.22376188695,"N9002",36.20029346,1,7,""
"G","Colubridae","Rhynchocalamus","N537",6.7425885465,"N539",2.866326791,1,3,""
"G","Diplodactylidae","Rhynchoedura","N9556",34.7322933051,"N9557",26.772397282,1,6,""
"G","Gymnophthalmidae","Riama","N6028",23.06043711,"N6029",19.825334948,1,31,""
"G","Chamaeleonidae","Rieppeleon","N5255",30.06752902,"N5256",19.670420508,1,3,""
"G","Gymnophthalmidae","Riolama","N6244",21.285789,"N6266",13.60912889,1,3,""
"G","Scincidae","Ristella","N6896",57.882797143,"N6897",15.988305243,1,4,""
"G","Colubridae","Rodriguesophis","N914",8.51719956510007,"N915",6.3766100917,1,3,""
"G","Agamidae","Saara","N5073",40.08146719,"N5088",23.33059471,1,3,""
"G","Agamidae","Salea","N4874",41.9332887794,"N4875",11.535212168,1,3,""
"G","Carphodactylidae","Saltuarius","N9705",37.321915035,"N9706",15.189343367,1,7,""
"G","Colubridae","Salvadora","N218",17.0245659134,"N219",16.5212389218,1,6,""
"G","Teiidae","Salvator","N6269",26.2694132700001,"N6270",15.54065291,1,3,""
"G","Boidae","Sanzinia","N3079",24.14771198,"N3080",8.373154295,1,2,""
"G","Colubridae","Saphenophis","N1110",6.99129980390001,"N1113",4.485890805,1,5,""
"G","Scincidae","Saproscincus","N6548",16.72120812126,"N6553",15.1528090533,1,12,""
"G","Sphaerodactylidae","Saurodactylus","N9461",81.28658414,"N9462",74.496926074,1,2,""
"G","Iguanidae","Sauromalus","N4002",10.993619551,"N4003",2.592611488,1,5,""
"G","Colubridae","Scaphiodontophis","N840",41.429793205,"N849",5.53662536,1,2,""
"G","Colubridae","Scaphiophis","N503",17.7546553262,"N504",0.8351219691,1,2,""
"G","Phrynosomatidae","Sceloporus","N4504",32.029492947,"N4513",31.647150098,1,97,""
"G","Scincidae","Scelotes","N7785",38.240188613,"N7786",32.445601648,1,24,""
"G","Scincidae","Scincella","N7300",43.524491548011,"N7301",39.974110584,1,35,""
"G","Scincidae","Scincus","N7702",20.619077915,"N7703",11.6522499,1,4,""
"G","Scincidae","Scolecoseps","N7776",11.154236582,"N7777",7.905499487,1,3,""
"G","Scincidae","Sepsina","N7814",48.6335740503,"N7815",43.07534191,1,5,""
"G","Leptotyphlopidae","Siagonodon","N3475",35.667754373,"N3476",12.198811335,1,4,""
"G","Colubridae","Sibon","N1480",14.7316486736001,"N1490",13.778817877,1,16,""
"G","Colubridae","Sibynomorphus","N1514",10.7980248639001,"N1515",10.2654994732,1,11,""
"G","Colubridae","Sibynophis","N840",41.429793205,"N841",32.63267996,1,9,""
"G","Scincidae","Sigaloseps","N6467",13.4403286325,"N6468",6.066416608,1,2,""
"G","Scincidae","Silvascincus","N7424",20.897221115811,"N7425",13.2667521,1,2,""
"G","Pythonidae","Simalia","N2940",11.2782358596,"N2941",9.6767255809,1,7,""
"G","Elapidae","Simoselaps","N2085",19.1502369725001,"N2113",16.121707027,1,6,""
"G","Elapidae","Sinomicrurus","N1854",21.1408541200001,"N1855",17.770499772,1,5,""
"G","Colubridae","Sinonatrix","N1741",37.054637608,"N1742",16.546065657,1,4,""
"G","Colubridae","Siphlophis","N899",10.5454234160001,"N944",7.118752939,1,7,""
"G","Scincidae","Sirenoscincus","N7814",48.6335740503,"N7819",20.35344984,1,2,""
"G","Viperidae","Sistrurus","N2722",17.0622654915,"N2723",11.50075754,1,2,""
"G","Agamidae","Sitana","N4877",22.3003502794,"N4878",6.16282972022,1,4,""
"G","Cordylidae","Smaug","N7998",46.77861,"N7999",35.31006645,1,8,""
"G","Colubridae","Sonora","N167",12.9080824766,"N169",11.09985123,1,4,""
"G","Colubridae","Spalerosophis","N545",11.5045143811,"N546",9.396365871,1,6,""
"G","Sphaerodactylidae","Sphaerodactylus","N9298",80.501878128,"N9299",64.75873477,1,103,""
"G","Scincidae","Sphenomorphus","N7157",75.714878285011,"N7164",62.8103520996,1,117,""
"G","Colubridae","Spilotes","N235",16.5417090155,"N236",14.62821316,1,2,""
"G","Scincidae","Spondylurus","N7022",17.5587392403,"N7027",16.629891038,1,17,""
"G","Colubridae","Stegonotus","N396",12.5204920092,"N397",10.9064266669,1,10,""
"G","Tropiduridae","Stenocercus","N3864",51.036072236,"N3865",41.499589254,1,64,""
"G","Gekkonidae","Stenodactylus","N8483",41.2027577349,"N8490",31.48854688,1,13,""
"G","Colubridae","Stenorrhina","N167",12.9080824766,"N168",9.224115824,1,2,""
"G","Xenodermidae","Stoliczkia","N2906",31.2025092520001,"N2907",3.792769922,1,2,""
"G","Colubridae","Storeria","N1821",14.3664930211,"N1822",9.590394873,1,4,""
"G","Diplodactylidae","Strophurus","N9533",52.709413418,"N9534",45.2370243399,1,18,""
"G","Elapidae","Suta","N2126",12.1433179339001,"N2128",9.2343330835,1,4,""
"G","Colubridae","Symphimus","N220",14.8615106917,"N231",0.9424001125,1,2,""
"G","Colubridae","Synophis","N1581",10.7120883372,"N1582",9.442760833,1,4,""
"G","Colubridae","Tachymenis","N980",2.73945284190006,"N981",2.1838364093,1,6,""
"G","Colubridae","Taeniophallus","N1042",12.5642010550001,"N1043",10.60763162,1,9,""
"G","Lacertidae","Takydromus","N5542",27.8107606197,"N5543",24.1393380102,1,22,""
"G","Colubridae","Tantilla","N104",14.5558697265,"N105",12.8473955934,1,62,""
"G","Colubridae","Tantillita","N97",5.67549732840001,"N98",4.462616422,1,3,""
"G","Phyllodactylidae","Tarentola","N9158",71.637336999,"N9159",26.6758250845,1,31,""
"G","Teiidae","Teius","N6282",51.92244661,"N6283",40.487511597,1,3,""
"G","Colubridae","Telescopus","N433",14.8730616732,"N466",12.058999946,1,14,""
"G","Gekkonidae","Tenuidactylus","N8516",36.3348703003,"N8548",34.45132873,1,8,""
"G","Sphaerodactylidae","Teratoscincus","N9291",86.011064375,"N9292",29.683196847,1,6,""
"G","Leptotyphlopidae","Tetracheilostoma","N3469",17.477538896,"N3470",1.041923986,1,3,""
"G","Gerrhosauridae","Tetradactylus","N8092",27.796975941,"N8093",23.145186353,1,7,""
"G","Colubridae","Thamnodynastes","N958",5.84977196674106,"N959",4.8137956485,1,19,""
"G","Colubridae","Thamnophis","N1772",15.3271208531,"N1773",14.3134364113,1,34,""
"G","Pseudoxyrhophiidae","Thamnosophis","N2456",24.2734788488,"N2458",11.36303757,1,6,""
"G","Phyllodactylidae","Thecadactylus","N9261",68.066835657,"N9262",33.35201338,1,3,""
"G","Colubridae","Thelotornis","N589",9.61531399520001,"N595",9.328823385,1,4,""
"G","Colubridae","Thermophis","N1588",22.206944363,"N1589",6.814421922,1,2,""
"G","Colubridae","Thrasops","N585",13.0565042852,"N586",8.677318885,1,4,""
"G","Scincidae","Tiliqua","N7109",31.373712347,"N7110",29.2705420609,1,7,""
"G","Lacertidae","Timon","N5621",28.0932508849,"N5622",22.495721438,1,4,""
"G","Colubridae","Tomodon","N958",5.84977196674106,"N977",2.2310547775,1,3,""
"G","Elapidae","Toxicocalamus","N1962",22.2508862697001,"N1970",21.4084539577,1,11,""
"G","Colubridae","Toxicodryas","N428",7.19186332659999,"N429",4.337799649,1,2,""
"G","Gerrhosauridae","Tracheloptychus","N8065",13.255906446,"N8066",6.010181109,1,2,""
"G","Colubridae","Trachischium","N1614",31.244933897,"N1654",22.636538298,1,5,""
"G","Tropidophiidae","Trachyboa","N3095",27.295369865,"N3097",4.141391487,1,2,""
"G","Scincidae","Trachylepis","N6923",47.348247501,"N6924",45.21896761,1,77,""
"G","Agamidae","Trapelus","N4696",23.10465483,"N4697",16.7237676763,1,13,""
"G","Colubridae","Tretanorhinus","N1268",17.0183381061001,"N1284",3.465190738,1,4,""
"G","Gymnophthalmidae","Tretioscincus","N6237",18.005499937,"N6242",12.08813891,1,3,""
"G","Scincidae","Tribolonotus","N7100",52.05978908,"N7101",24.605540439,1,8,""
"G","Leptotyphlopidae","Tricheilostoma","N3463",49.86103077,"N3526",30.5331678,1,5,""
"G","Leptotyphlopidae","Trilepida","N3505",29.273513422,"N3514",21.675134447,1,13,""
"G","Viperidae","Trimeresurus","N2561",32.7502540754,"N2562",31.1726278798,1,50,""
"G","Colubridae","Trimetopon","N1278",12.4505794084001,"N1279",7.091319909,1,6,""
"G","Colubridae","Trimorphodon","N223",6.9760069109,"N224",4.9765913118,1,7,""
"G","Chamaeleonidae","Trioceros","N5160",34.3223843391,"N5161",28.7798190442,1,41,""
"G","Colubridae","Tropidodipsas","N1492",8.34218103160006,"N1493",5.673888159,1,7,""
"G","Colubridae","Tropidodryas","N951",14.1451102590001,"N986",0.8529915605,1,2,""
"G","Viperidae","Tropidolaemus","N2551",35.9302363435,"N2552",23.34256947,1,5,""
"G","Colubridae","Tropidonophis","N1745",36.9177253196,"N1746",33.51252603,1,19,""
"G","Tropidophiidae","Tropidophis","N3082",78.667738,"N3083",55.278076751817,1,32,""
"G","Scincidae","Tropidophorus","N7164",62.810330135011,"N7165",62.531352972,1,28,""
"G","Lacertidae","Tropidosaura","N5692",34.4915978111,"N5693",23.294195121,1,4,""
"G","Scincidae","Tropidoscincus","N6469",12.3662341045,"N6470",5.707581655,1,3,""
"G","Tropiduridae","Tropidurus","N3929",33.467299114,"N3949",30.3978243783,1,26,""
"G","Gekkonidae","Tropiocolotes","N8478",50.4241571343,"N8479",42.110908087,1,10,""
"G","Teiidae","Tupinambis","N6272",16.4107507750001,"N6273",14.11029247,1,4,""
"G","Agamidae","Tympanocryptis","N5042",25.190493266,"N5051",17.507041062,1,8,""
"G","Scincidae","Typhlacontias","N7821",39.8974631003,"N7822",24.3933916918,1,7,""
"G","Typhlopidae","Typhlops","N3334",30.13906757,"N3335",17.103956572,1,49,""
"G","Scincidae","Typhlosaurus","N7971",25.95655346,"N7992",14.551486388,1,5,""
"G","Scincidae","Tytthoscincus","N7180",45.298273154711,"N7184",41.74043093,1,5,""
"G","Phrynosomatidae","Uma","N4630",19.16690727,"N4631",10.561015269,1,6,""
"G","Carphodactylidae","Underwoodisaurus","N9723",25.706964757,"N9724",5.56991842,1,2,""
"G","Boidae","Ungaliophis","N3077",31.91475002,"N3078",14.26059569,1,2,""
"G","Tropiduridae","Uracentron","N3958",22.239910359,"N3962",8.412224363,1,2,""
"G","Gekkonidae","Urocotyledon","N8956",72.55745221895,"N8957",21.33530441,1,5,""
"G","Colubridae","Uromacer","N1110",6.99129980390001,"N1111",4.982548738,1,3,""
"G","Agamidae","Uromastyx","N5073",40.08146719,"N5074",28.694669556,1,15,""
"G","Uropeltidae","Uropeltis","N2960",38.543628281,"N2967",33.561103778,1,26,""
"G","Gekkonidae","Uroplatus","N8918",75.55177056085,"N8919",50.07578754,1,14,""
"G","Phrynosomatidae","Urosaurus","N4504",32.029492947,"N4505",22.7700274223,1,9,""
"G","Leiosauridae","Urostrophus","N3825",19.725321765,"N3835",13.80657727,1,2,""
"G","Colubridae","Urotheca","N1236",13.4041127171001,"N1243",5.2630734898,1,8,""
"G","Phrynosomatidae","Uta","N4496",32.696248658,"N4497",25.706444943,1,7,""
"G","Gymnophthalmidae","Vanzosaura","N6238",14.993845112,"N6240",12.71369131,1,3,""
"G","Varanidae","Varanus","N5290",64.282781,"N5291",24.629122046,1,77,""
"G","Scincidae","Varzea","N7014",19.7182904173,"N7043",14.9405700023,1,2,""
"G","Elapidae","Vermicella","N2065",17.6744881003,"N2066",16.03400174,1,6,""
"G","Viperidae","Vipera","N2842",23.3981490007,"N2847",21.45970232,1,22,""
"G","Colubridae","Virginia","N1771",18.4200024831,"N1820",16.692126988,1,2,""
"G","Scincidae","Voeltzkowia","N7879",22.7498144111,"N7892",19.547817015,1,5,""
"G","Elapidae","Walterinnesia","N2180",16.1052316750001,"N2185",6.937854527,1,2,""
"G","Diplodactylidae","Woodworthia","N9619",18.292236431,"N9620",17.687031107,1,3,""
"G","Xantusiidae","Xantusia","N8100",48.948136,"N8119",26.661859,1,14,""
"G","Agamidae","Xenagama","N4759",10.255129727,"N4760",6.5921170484,1,4,""
"G","Colubridae","Xenelaphis","N430",4.51069481059997,"N431",2.590183051,1,2,""
"G","Atractaspididae","Xenocalamus","N2353",7.76471749934007,"N2356",2.0380602017,1,5,""
"G","Colubridae","Xenochrophis","N1661",35.64364943,"N1683",34.116706113,1,13,""
"G","Colubridae","Xenodon","N1125",13.4017166452,"N1173",10.404503254,1,11,""
"G","Xenopeltidae","Xenopeltis","N2917",51.724871,"N2958",21.40463552,1,2,""
"G","Xenophidiidae","Xenophidion","N2912",69.774309,"N2913",5.246947614,1,2,""
"G","Colubridae","Xenopholis","N987",15.8302535366001,"N992",9.277184155,1,3,""
"G","Xenosauridae","Xenosaurus","N5368",102.039929,"N5500",67.061003222,1,10,""
"G","Typhlopidae","Xerotyphlops","N3247",29.2641733826001,"N3248",17.465873978,1,4,""
"G","Pareidae","Xylophis","N2893",70.024087269,"N2908",39.72549037,1,3,""
"G","Colubridae","Zamenis","N275",11.52013670043,"N276",9.076010183,1,5,""
"G","Gerrhosauridae","Zonosaurus","N8063",37.733325,"N8064",14.695111307,1,17,""
"G","Amphisbaenidae","Zygaspis","N5999",27.2321181051,"N6001",13.164345216,1,7,""
